DATE,TMAX,TMIN,PRCP,SNWD,SNOW
2002-07-03,328,261,,,
2002-07-04,411,228,,,
2002-07-05,400,217,,,
2002-07-06,344,206,,,
2002-07-07,344,178,,,
2002-07-08,344,178,,,
2002-07-09,372,211,,,
2002-07-10,378,222,,,
2002-07-11,261,183,,,
2002-07-12,294,156,,,
2002-07-13,322,183,,,
2002-07-14,300,228,,,
2002-07-15,317,228,,,
2002-07-16,378,217,,,
2002-07-17,383,217,,,
2002-07-18,378,228,,,
2002-07-19,367,233,,,
2002-07-20,356,206,,,
2002-07-21,344,206,,,
2002-07-22,344,211,,,
2002-07-23,306,222,,,
2002-07-24,339,228,,,
2002-07-25,306,222,,,
2002-07-26,328,222,,,
2002-07-27,356,228,,,
2002-07-28,378,217,,,
2002-07-29,383,250,,,
2002-07-30,383,244,,,
2002-07-31,367,244,,,
2002-08-01,372,222,,,
2002-08-02,367,217,,,
2002-08-03,361,200,,,
2002-08-04,361,211,,,
2002-08-05,367,206,,,
2002-08-06,350,206,,,
2002-08-07,311,167,,,
2002-08-08,322,144,,,
2002-08-09,328,144,,,
2002-08-10,339,150,,,
2002-08-11,389,161,,,
2002-08-12,389,206,,,
2002-08-13,389,217,,,
2002-08-14,350,211,,,
2002-08-15,361,211,,,
2002-08-16,344,222,,,
2002-08-17,372,228,,,
2002-08-18,389,233,,,
2002-08-19,394,217,,,
2002-08-20,378,228,,,
2002-08-21,356,222,,,
2002-08-22,383,206,,,
2002-08-23,411,244,,,
2002-08-24,417,228,,,
2002-08-25,378,217,,,
2002-08-26,256,206,,,
2002-08-27,256,206,,,
2002-08-28,256,206,,,
2002-08-29,244,200,,,
2002-08-30,222,189,,,
2002-08-31,217,194,,,
2002-09-01,256,200,,,
2002-09-02,250,178,,,
2002-09-03,333,161,,,
2002-09-04,367,211,,,
2002-09-05,333,194,,,
2002-09-06,322,172,,,
2002-09-07,322,161,,,
2002-09-08,306,189,,,
2002-09-09,311,189,,,
2002-09-10,311,222,,,
2002-09-11,350,189,,,
2002-09-12,300,150,,,
2002-09-13,322,128,,,
2002-09-14,294,189,,,
2002-09-15,294,211,,,
2002-09-16,306,217,,,
2002-09-17,317,200,,,
2002-09-18,300,189,,,
2002-09-19,322,172,,,
2002-09-20,311,189,,,
2002-09-21,322,172,,,
2002-09-22,339,178,,,
2002-09-23,306,206,,,
2002-09-24,306,183,,,
2002-09-25,294,178,,,
2002-09-26,244,189,,,
2002-09-27,311,222,,,
2002-09-28,261,200,,,
2002-09-29,289,161,,,
2002-09-30,300,156,,,
2002-10-01,311,161,,,
2002-10-02,339,183,,,
2002-10-03,350,200,,,
2002-10-04,322,194,,,
2002-10-05,356,211,,,
2002-10-06,294,167,,,
2002-10-07,311,172,,,
2002-10-08,233,161,,,
2002-10-09,272,150,,,
2002-10-10,239,150,,,
2002-10-11,217,200,,,
2002-10-12,250,167,,,
2002-10-13,250,156,,,
2002-10-14,178,106,,,
2002-10-15,172,106,,,
2002-10-16,178,122,,,
2002-10-17,228,89,,,
2002-10-18,206,61,,,
2002-10-19,244,56,,,
2002-10-20,256,100,,,
2002-10-21,167,111,,,
2002-10-22,172,94,,,
2002-10-23,244,72,,,
2002-10-24,172,117,,,
2002-10-25,178,133,,,
2002-10-26,239,117,,,
2002-10-27,194,128,,,
2002-10-28,167,106,,,
2002-10-29,117,78,,,
2002-10-30,100,72,,,
2002-10-31,133,44,,,
2002-11-01,156,17,,,
2002-11-02,161,44,,,
2002-11-03,161,39,,,
2002-11-04,167,78,,,
2002-11-05,144,67,,,
2002-11-06,189,72,,,
2002-11-07,156,39,,,
2002-11-08,206,17,,,
2002-11-09,244,61,,,
2002-11-10,278,133,,,
2002-11-11,244,167,,,
2002-11-12,200,106,,,
2002-11-13,128,39,,,
2002-11-14,189,11,,,
2002-11-15,189,44,,,
2002-11-16,172,117,,,
2002-11-17,122,56,,,
2002-11-18,139,17,,,
2002-11-19,172,0,,,
2002-11-20,189,28,,,
2002-11-21,144,56,,,
2002-11-22,150,39,,,
2002-11-23,128,11,,,
2002-11-24,189,17,,,
2002-11-25,217,22,,,
2002-11-26,161,28,,,
2002-11-27,94,11,,,
2002-11-28,89,-17,,,
2002-11-29,111,-33,,,
2002-11-30,172,50,,,
2002-12-01,72,-22,,,
2002-12-02,106,-33,,,
2002-12-03,100,-28,,,
2002-12-04,11,-28,,,
2002-12-05,6,0,,,
2002-12-06,44,-33,,,
2002-12-07,83,-56,,,
2002-12-08,117,-22,,,
2002-12-09,67,0,,,
2002-12-10,50,0,,,
2002-12-11,56,17,,,
2002-12-12,150,50,,,
2002-12-13,83,44,,,
2002-12-14,122,44,,,
2002-12-15,128,0,,,
2002-12-16,172,11,,,
2002-12-17,89,-11,,,
2002-12-18,117,-6,,,
2002-12-19,161,39,,,
2002-12-20,200,72,,,
2002-12-21,139,28,,,
2002-12-22,183,28,,,
2002-12-23,161,39,,,
2002-12-24,89,50,,,
2002-12-25,94,17,,,
2002-12-26,89,-22,,,
2002-12-27,100,-39,,,
2002-12-28,106,-33,,,
2002-12-29,167,17,,,
2002-12-30,189,-6,,,
2002-12-31,189,50,,,
2003-01-01,200,122,,,
2003-01-02,122,67,,,
2003-01-03,117,56,,,
2003-01-04,83,-17,,,
2003-01-05,106,-28,,,
2003-01-06,139,11,,,
2003-01-07,61,-22,,,
2003-01-08,150,44,,,
2003-01-09,217,94,,,
2003-01-10,144,6,,,
2003-01-11,94,-17,,,
2003-01-12,56,-28,,,
2003-01-13,94,-28,,,
2003-01-14,100,0,,,
2003-01-15,56,-44,,,
2003-01-16,44,-44,,,
2003-01-17,11,-33,,,
2003-01-18,11,-72,,,
2003-01-19,44,-56,,,
2003-01-20,172,0,,,
2003-01-21,17,-33,,,
2003-01-22,50,-50,,,
2003-01-23,-6,-100,,,
2003-01-24,33,-100,,,
2003-01-25,89,-78,,,
2003-01-26,83,-33,,,
2003-01-27,28,-78,,,
2003-01-28,78,-83,,,
2003-01-29,128,44,,,
2003-01-30,72,11,,,
2003-01-31,39,11,,,
2003-02-01,106,22,,,
2003-02-02,128,0,,,
2003-02-03,200,0,,,
2003-02-04,194,56,,,
2003-02-05,111,0,,,
2003-02-06,78,-11,,,
2003-02-07,61,0,,,
2003-02-08,83,-22,,,
2003-02-09,111,-22,,,
2003-02-10,67,0,,,
2003-02-11,128,-11,,,
2003-02-12,161,-17,,,
2003-02-13,122,-39,,,
2003-02-14,122,6,,,
2003-02-15,89,6,,,
2003-02-16,11,-17,,,
2003-02-17,-6,-22,,,
2003-02-18,72,-11,,,
2003-02-19,144,0,,,
2003-02-20,133,39,,,
2003-02-21,144,11,,,
2003-02-22,233,72,,,
2003-02-23,183,0,,,
2003-02-24,206,-17,,,
2003-02-25,128,22,,,
2003-02-26,28,0,,,
2003-02-27,33,0,,,
2003-02-28,61,6,,,
2003-03-01,100,39,,,
2003-03-02,189,78,,,
2003-03-03,144,0,,,
2003-03-04,172,-6,,,
2003-03-05,222,100,,,
2003-03-06,194,56,,,
2003-03-07,50,17,,,
2003-03-08,183,-6,,,
2003-03-09,261,78,,,
2003-03-10,156,11,,,
2003-03-11,122,0,,,
2003-03-12,228,0,,,
2003-03-13,250,111,,,
2003-03-14,128,22,,,
2003-03-15,133,17,,,
2003-03-16,222,106,,,
2003-03-17,189,128,,,
2003-03-18,211,133,,,
2003-03-19,128,78,,,
2003-03-20,194,89,,,
2003-03-21,228,117,,,
2003-03-22,261,89,,,
2003-03-23,228,72,,,
2003-03-24,239,89,,,
2003-03-25,256,50,,,
2003-03-26,283,106,,,
2003-03-27,211,106,,,
2003-03-28,272,89,,,
2003-03-29,239,150,,,
2003-03-30,161,28,,,
2003-03-31,128,22,,,
2003-04-01,217,17,,,
2003-04-02,278,106,,,
2003-04-03,306,111,,,
2003-04-04,289,150,,,
2003-04-05,272,156,,,
2003-04-06,211,61,,,
2003-04-07,89,56,,,
2003-04-08,83,56,,,
2003-04-09,78,50,,,
2003-04-10,100,61,,,
2003-04-11,94,56,,,
2003-04-12,261,83,,,
2003-04-13,267,78,,,
2003-04-14,261,67,,,
2003-04-15,300,72,,,
2003-04-16,311,117,,,
2003-04-17,289,89,,,
2003-04-18,128,89,,,
2003-04-19,178,83,,,
2003-04-20,217,78,,,
2003-04-21,250,72,,,
2003-04-22,267,122,,,
2003-04-23,244,67,,,
2003-04-24,250,50,,,
2003-04-25,189,133,,,
2003-04-26,239,139,,,
2003-04-27,283,122,,,
2003-04-28,294,106,,,
2003-04-29,317,144,,,
2003-04-30,300,156,,,
2003-05-01,283,167,,,
2003-05-02,317,161,,,
2003-05-03,200,128,,,
2003-05-04,206,83,,,
2003-05-05,172,78,,,
2003-05-06,272,156,,,
2003-05-07,322,183,,,
2003-05-08,339,194,,,
2003-05-09,344,183,,,
2003-05-10,333,183,,,
2003-05-11,322,200,,,
2003-05-12,294,161,,,
2003-05-13,283,122,,,
2003-05-14,306,100,,,
2003-05-15,256,150,,,
2003-05-16,294,144,,,
2003-05-17,183,128,,,
2003-05-18,161,117,,,
2003-05-19,217,106,,,
2003-05-20,300,111,,,
2003-05-21,283,150,,,
2003-05-22,183,150,,,
2003-05-23,206,156,,,
2003-05-24,250,156,,,
2003-05-25,267,161,,,
2003-05-26,278,178,,,
2003-05-27,233,128,,,
2003-05-28,272,106,,,
2003-05-29,278,144,,,
2003-05-30,294,133,,,
2003-05-31,228,156,,,
2003-06-01,272,128,,,
2003-06-02,128,106,,,
2003-06-05,294,278,,,
2003-06-06,306,211,,,
2003-06-07,289,200,,,
2003-06-08,306,217,,,
2003-06-09,339,183,,,
2003-06-10,333,167,,,
2003-06-11,350,211,,,
2003-06-12,339,233,,,
2003-06-13,344,239,,,
2003-06-14,333,222,,,
2003-06-15,333,228,,,
2003-06-16,300,211,,,
2003-06-17,239,189,,,
2003-06-18,306,194,,,
2003-06-19,306,211,,,
2003-06-20,267,172,,,
2003-06-21,267,156,,,
2003-06-22,272,133,,,
2003-06-23,328,172,,,
2003-06-24,361,161,,,
2003-06-25,372,189,,,
2003-06-26,378,200,,,
2003-06-27,367,217,,,
2003-06-28,311,189,,,
2003-06-29,367,189,,,
2003-06-30,356,211,,,
2003-07-01,306,206,,,
2003-07-02,244,194,,,
2003-07-03,267,200,,,
2003-07-04,361,189,,,
2003-07-05,361,233,,,
2003-07-06,361,228,,,
2003-07-07,344,244,,,
2003-07-08,372,233,,,
2003-07-09,383,222,,,
2003-07-10,367,217,,,
2003-07-11,350,217,,,
2003-07-12,350,211,,,
2003-07-13,289,200,,,
2003-07-14,300,200,,,
2003-07-15,333,211,,,
2003-07-16,350,211,,,
2003-07-17,322,211,,,
2003-07-18,344,228,,,
2003-07-19,328,206,,,
2003-07-20,339,194,,,
2003-07-21,344,217,,,
2003-07-22,344,222,,,
2003-07-23,272,217,,,
2003-07-24,311,211,,,
2003-07-25,328,194,,,
2003-07-26,322,211,,,
2003-07-27,356,222,,,
2003-07-28,356,239,,,
2003-07-29,328,211,,,
2003-07-30,278,217,,,
2003-07-31,306,211,,,
2003-08-01,328,228,,,
2003-08-02,344,222,,,
2003-08-03,328,222,,,
2003-08-04,322,228,,,
2003-08-05,328,200,,,
2003-08-06,317,206,,,
2003-08-07,311,217,,,
2003-08-08,289,222,,,
2003-08-09,283,228,,,
2003-08-10,283,211,,,
2003-08-11,333,217,,,
2003-08-12,339,222,,,
2003-08-13,344,222,,,
2003-08-14,356,222,,,
2003-08-15,367,217,,,
2003-08-16,306,217,,,
2003-08-17,333,200,,,
2003-08-18,233,206,,,
2003-08-20,306,228,,,
2003-08-21,350,206,,,
2003-08-22,350,222,,,
2003-08-23,328,217,,,
2003-08-24,322,189,,,
2003-08-25,339,178,,,
2003-08-26,367,211,,,
2003-08-27,389,233,,,
2003-08-28,378,239,,,
2003-08-29,361,233,,,
2003-08-30,361,239,,,
2003-08-31,339,217,,,
2003-09-01,350,206,,,
2003-09-02,344,222,,,
2003-09-03,344,217,,,
2003-09-04,344,200,,,
2003-09-05,311,183,,,
2003-09-06,250,150,,,
2003-09-07,306,156,,,
2003-09-08,239,183,,,
2003-09-09,300,189,,,
2003-09-10,261,156,,,
2003-09-11,289,139,,,
2003-09-12,228,189,,,
2003-09-13,228,178,,,
2003-09-14,306,189,,,
2003-09-15,311,189,,,
2003-09-16,294,167,,,
2003-09-17,294,150,,,
2003-09-18,211,178,,,
2003-09-19,328,178,,,
2003-09-20,339,156,,,
2003-09-21,333,161,,,
2003-09-22,294,178,,,
2003-09-23,294,161,,,
2003-09-24,311,139,,,
2003-09-25,311,139,,,
2003-09-26,311,144,,,
2003-09-27,317,172,,,
2003-09-28,261,150,,,
2003-09-29,233,94,,,
2003-09-30,244,72,,,
2003-10-01,244,83,,,
2003-10-02,211,67,,,
2003-10-03,211,39,,,
2003-10-04,267,94,,,
2003-10-05,256,117,,,
2003-10-06,283,100,,,
2003-10-07,294,139,,,
2003-10-08,222,139,,,
2003-10-09,272,178,,,
2003-10-10,206,178,,,
2003-10-11,200,167,,,
2003-10-12,283,150,,,
2003-10-13,283,156,,,
2003-10-14,217,156,,,
2003-10-15,233,83,,,
2003-10-16,244,50,,,
2003-10-17,261,72,,,
2003-10-18,189,72,,,
2003-10-19,256,50,,,
2003-10-20,278,83,,,
2003-10-21,289,128,,,
2003-10-22,222,78,,,
2003-10-23,178,33,,,
2003-10-24,194,17,,,
2003-10-25,178,78,,,
2003-10-26,222,161,,,
2003-10-27,244,156,,,
2003-10-28,150,100,,,
2003-10-29,222,78,,,
2003-10-30,256,56,,,
2003-10-31,261,72,,,
2003-11-01,300,78,,,
2003-11-02,294,89,,,
2003-11-03,300,94,,,
2003-11-04,289,156,,,
2003-11-05,283,189,,,
2003-11-06,289,194,,,
2003-11-07,233,156,,,
2003-11-08,161,67,,,
2003-11-09,144,44,,,
2003-11-10,178,28,,,
2003-11-11,217,44,,,
2003-11-12,283,139,,,
2003-11-13,206,50,,,
2003-11-14,133,6,,,
2003-11-15,144,67,,,
2003-11-16,228,78,,,
2003-11-17,244,144,,,
2003-11-18,244,111,,,
2003-11-19,233,128,,,
2003-11-20,183,50,,,
2003-11-21,261,33,,,
2003-11-22,261,50,,,
2003-11-23,239,50,,,
2003-11-24,239,67,,,
2003-11-25,139,17,,,
2003-11-26,156,17,,,
2003-11-27,189,33,,,
2003-11-28,256,61,,,
2003-11-29,106,11,,,
2003-11-30,167,-6,,,
2003-12-01,206,50,,,
2003-12-02,111,-6,,,
2003-12-03,50,-22,,,
2003-12-04,56,11,,,
2003-12-05,56,28,,,
2003-12-06,72,6,,,
2003-12-07,89,-11,,,
2003-12-08,106,-33,,,
2003-12-09,139,-22,,,
2003-12-10,172,33,,,
2003-12-11,139,33,,,
2003-12-12,111,-11,,,
2003-12-13,67,-6,,,
2003-12-14,50,6,,,
2003-12-15,122,6,,,
2003-12-16,156,-6,,,
2003-12-17,161,6,,,
2003-12-18,94,6,,,
2003-12-19,67,-11,,,
2003-12-20,61,-11,,,
2003-12-21,89,-50,,,
2003-12-22,150,0,,,
2003-12-23,194,22,,,
2003-12-24,189,50,,,
2003-12-25,83,-11,,,
2003-12-26,100,-22,,,
2003-12-27,167,-28,,,
2003-12-28,144,-22,,,
2003-12-29,183,0,,,
2003-12-30,161,11,,,
2003-12-31,150,-11,,,
2004-01-01,194,6,,,
2004-01-02,183,61,,,
2004-01-03,222,83,,,
2004-01-04,233,144,,,
2004-01-05,250,122,,,
2004-01-06,106,-6,,,
2004-01-07,33,-50,,,
2004-01-08,50,-50,,,
2004-01-09,22,-6,,,
2004-01-10,-6,-78,,,
2004-01-11,17,-106,,,
2004-01-12,128,-11,,,
2004-01-13,161,0,,,
2004-01-14,83,-17,,,
2004-01-15,111,22,,,
2004-01-16,67,-33,,,
2004-01-17,100,-50,,,
2004-01-18,144,33,,,
2004-01-19,67,-11,,,
2004-01-20,33,-67,,,
2004-01-21,61,-67,,,
2004-01-22,144,-44,,,
2004-01-23,56,-22,,,
2004-01-24,167,-22,,,
2004-01-25,-22,-56,,,
2004-01-26,-17,-56,,,
2004-01-27,17,-22,,,
2004-01-28,39,-28,,,
2004-01-29,122,-17,,,
2004-01-30,122,-6,,,
2004-01-31,50,-50,,,
2004-02-01,67,-56,,,
2004-02-02,111,-39,,,
2004-02-03,106,17,,,
2004-02-04,111,-6,,,
2004-02-05,100,0,,,
2004-02-06,228,44,,,
2004-02-07,183,22,,,
2004-02-08,94,-17,,,
2004-02-09,106,-33,,,
2004-02-10,133,39,,,
2004-02-11,117,39,,,
2004-02-12,56,6,,,
2004-02-13,150,-6,,,
2004-02-14,128,28,,,
2004-02-15,78,0,,,
2004-02-16,50,-22,,,
2004-02-17,11,-17,,,
2004-02-18,111,-11,,,
2004-02-19,200,0,,,
2004-02-20,222,17,,,
2004-02-21,206,61,,,
2004-02-22,161,17,,,
2004-02-23,139,0,,,
2004-02-24,150,56,,,
2004-02-25,111,17,,,
2004-02-26,28,0,,,
2004-02-27,94,0,,,
2004-02-28,156,-6,,,
2004-02-29,211,-28,,,
2004-03-01,233,6,,,
2004-03-02,217,128,,,
2004-03-03,256,133,,,
2004-03-04,300,106,,,
2004-03-05,272,156,,,
2004-03-06,233,139,,,
2004-03-07,233,67,,,
2004-03-08,144,39,,,
2004-03-09,150,-6,,,
2004-03-10,117,28,,,
2004-03-11,178,0,,,
2004-03-12,206,28,,,
2004-03-13,156,28,,,
2004-03-14,183,11,,,
2004-03-15,178,122,,,
2004-03-16,194,67,,,
2004-03-17,78,22,,,
2004-03-18,150,11,,,
2004-03-19,178,56,,,
2004-03-20,206,0,,,
2004-03-21,183,33,,,
2004-03-22,94,-6,,,
2004-03-23,144,-33,,,
2004-03-24,206,-6,,,
2004-03-25,256,56,,,
2004-03-26,267,72,,,
2004-03-27,289,111,,,
2004-03-28,200,83,,,
2004-03-29,161,61,,,
2004-03-30,161,50,,,
2004-03-31,161,78,,,
2004-04-01,167,67,,,
2004-04-02,139,72,,,
2004-04-03,172,17,,,
2004-04-04,167,50,,,
2004-04-05,156,6,,,
2004-04-06,228,0,,,
2004-04-07,289,72,,,
2004-04-08,294,100,,,
2004-04-09,267,94,,,
2004-04-10,239,83,,,
2004-04-11,222,94,,,
2004-04-12,189,78,,,
2004-04-13,233,106,,,
2004-04-14,133,78,,,
2004-04-15,217,61,,,
2004-04-16,261,44,,,
2004-04-17,300,78,,,
2004-04-18,311,139,,,
2004-04-19,317,150,,,
2004-04-20,322,156,,,
2004-04-21,317,161,,,
2004-04-22,322,167,,,
2004-04-23,328,161,,,
2004-04-24,272,156,,,
2004-04-25,278,133,,,
2004-04-26,300,139,,,
2004-04-27,244,89,,,
2004-04-28,239,39,,,
2004-04-29,261,67,,,
2004-04-30,261,106,,,
2004-05-01,217,156,,,
2004-05-02,261,178,,,
2004-05-03,189,78,,,
2004-05-04,222,67,,,
2004-05-05,272,78,,,
2004-05-06,317,117,,,
2004-05-07,367,144,,,
2004-05-08,306,150,,,
2004-05-09,328,150,,,
2004-05-10,333,167,,,
2004-05-11,333,172,,,
2004-05-12,311,183,,,
2004-05-13,322,178,,,
2004-05-14,328,178,,,
2004-05-15,328,183,,,
2004-05-16,322,178,,,
2004-05-17,311,167,,,
2004-05-18,322,167,,,
2004-05-19,322,194,,,
2004-05-20,339,189,,,
2004-05-21,367,200,,,
2004-05-22,367,189,,,
2004-05-23,350,206,,,
2004-05-24,350,206,,,
2004-05-25,378,217,,,
2004-05-26,361,200,,,
2004-05-27,344,194,,,
2004-05-28,361,211,,,
2004-05-29,306,189,,,
2004-05-30,250,172,,,
2004-05-31,311,217,,,
2004-06-01,333,178,,,
2004-06-02,361,156,,,
2004-06-03,344,189,,,
2004-06-04,244,183,,,
2004-06-05,272,167,,,
2004-06-06,283,161,,,
2004-06-07,306,200,,,
2004-06-08,322,194,,,
2004-06-09,350,194,,,
2004-06-10,350,211,,,
2004-06-11,372,211,,,
2004-06-12,283,161,,,
2004-06-13,283,144,,,
2004-06-14,300,211,,,
2004-06-15,339,211,,,
2004-06-16,311,239,,,
2004-06-17,333,239,,,
2004-06-18,367,233,,,
2004-06-19,356,222,,,
2004-06-20,300,189,,,
2004-06-21,300,156,,,
2004-06-22,333,194,,,
2004-06-23,350,217,,,
2004-06-24,311,217,,,
2004-06-25,344,217,,,
2004-06-26,294,211,,,
2004-06-27,272,200,,,
2004-06-28,289,206,,,
2004-06-29,333,200,,,
2004-06-30,306,200,,,
2004-07-01,322,194,,,
2004-07-02,344,206,,,
2004-07-03,328,206,,,
2004-07-04,344,222,,,
2004-07-05,367,217,,,
2004-07-06,378,222,,,
2004-07-07,378,228,,,
2004-07-08,378,211,,,
2004-07-09,383,211,,,
2004-07-10,383,217,,,
2004-07-11,328,211,,,
2004-07-12,350,217,,,
2004-07-13,372,228,,,
2004-07-14,372,233,,,
2004-07-15,333,206,,,
2004-07-16,333,178,,,
2004-07-17,339,178,,,
2004-07-18,322,206,,,
2004-07-19,344,206,,,
2004-07-20,361,194,,,
2004-07-21,356,200,,,
2004-07-22,361,200,,,
2004-07-24,278,211,,,
2004-07-25,339,211,,,
2004-07-26,350,233,,,
2004-07-27,339,228,,,
2004-07-28,322,228,,,
2004-07-29,328,228,,,
2004-07-30,344,222,,,
2004-07-31,344,222,,,
2004-08-01,350,228,,,
2004-08-02,344,228,,,
2004-08-03,328,222,,,
2004-08-04,361,217,,,
2004-08-05,361,194,,,
2004-08-06,256,150,,,
2004-08-07,289,133,,,
2004-08-08,328,139,,,
2004-08-09,300,167,,,
2004-08-10,328,183,,,
2004-08-11,333,194,,,
2004-08-12,294,194,,,
2004-08-13,283,206,,,
2004-08-14,222,189,,,
2004-08-15,211,189,,,
2004-08-16,322,194,,,
2004-08-17,311,189,,,
2004-08-18,322,194,,,
2004-08-19,356,211,,,
2004-08-20,356,222,,,
2004-08-21,350,211,,,
2004-08-22,300,189,,,
2004-08-23,322,167,,,
2004-08-24,333,172,,,
2004-08-25,328,178,,,
2004-08-26,333,189,,,
2004-08-27,350,211,,,
2004-08-28,350,206,,,
2004-08-29,317,222,,,
2004-08-30,256,222,,,
2004-08-31,328,217,,,
2004-09-01,311,200,,,
2004-09-02,322,178,,,
2004-09-03,311,178,,,
2004-09-04,328,206,,,
2004-09-05,333,194,,,
2004-09-06,300,217,,,
2004-09-07,272,222,,,
2004-09-08,311,228,,,
2004-09-09,306,222,,,
2004-09-10,306,189,,,
2004-09-11,283,189,,,
2004-09-12,317,178,,,
2004-09-13,306,156,,,
2004-09-14,256,172,,,
2004-09-15,294,178,,,
2004-09-16,283,194,,,
2004-09-17,317,217,,,
2004-09-18,228,178,,,
2004-09-19,239,133,,,
2004-09-20,250,117,,,
2004-09-21,283,106,,,
2004-09-22,322,128,,,
2004-09-23,317,161,,,
2004-09-24,289,156,,,
2004-09-25,300,150,,,
2004-09-26,306,156,,,
2004-09-27,283,206,,,
2004-09-28,267,194,,,
2004-09-29,294,167,,,
2004-09-30,300,172,,,
2004-10-01,278,194,,,
2004-10-02,300,183,,,
2004-10-03,278,167,,,
2004-10-04,283,150,,,
2004-10-05,256,122,,,
2004-10-06,228,94,,,
2004-10-07,261,78,,,
2004-10-08,283,83,,,
2004-10-09,244,117,,,
2004-10-10,283,133,,,
2004-10-11,217,89,,,
2004-10-12,272,61,,,
2004-10-13,261,139,,,
2004-10-14,211,139,,,
2004-10-15,228,106,,,
2004-10-16,228,78,,,
2004-10-17,239,61,,,
2004-10-18,233,72,,,
2004-10-19,283,178,,,
2004-10-20,194,150,,,
2004-10-21,172,139,,,
2004-10-22,178,117,,,
2004-10-23,189,78,,,
2004-10-24,144,94,,,
2004-10-25,156,94,,,
2004-10-26,233,89,,,
2004-10-27,206,78,,,
2004-10-28,217,133,,,
2004-10-29,194,128,,,
2004-10-30,272,178,,,
2004-10-31,311,178,,,
2004-11-01,306,150,,,
2004-11-02,283,144,,,
2004-11-03,256,150,,,
2004-11-04,194,117,,,
2004-11-05,183,61,,,
2004-11-06,217,28,,,
2004-11-07,244,50,,,
2004-11-08,206,44,,,
2004-11-09,144,11,,,
2004-11-10,150,0,,,
2004-11-11,183,17,,,
2004-11-12,183,106,,,
2004-11-13,122,39,,,
2004-11-14,122,0,,,
2004-11-15,178,-6,,,
2004-11-16,178,11,,,
2004-11-17,200,11,,,
2004-11-18,211,67,,,
2004-11-19,211,78,,,
2004-11-20,222,106,,,
2004-11-21,228,117,,,
2004-11-22,178,100,,,
2004-11-23,156,117,,,
2004-11-24,222,144,,,
2004-11-25,206,39,,,
2004-11-26,106,0,,,
2004-11-27,133,-6,,,
2004-11-28,178,67,,,
2004-11-29,139,28,,,
2004-11-30,161,0,,,
2004-12-01,189,39,,,
2004-12-02,156,0,,,
2004-12-03,150,11,,,
2004-12-04,150,0,,,
2004-12-05,189,0,,,
2004-12-06,156,67,,,
2004-12-07,233,106,,,
2004-12-08,233,72,,,
2004-12-09,194,56,,,
2004-12-10,233,172,,,
2004-12-14,67,6,,,
2004-12-15,33,-39,,,
2004-12-16,89,-61,,,
2004-12-21,106,61,,,
2004-12-30,156,139,,,
2004-12-31,167,167,,,
2005-01-03,228,139,,,
2005-01-04,272,139,,,
2005-01-05,239,128,,,
2005-01-06,139,139,,,
2005-01-10,189,56,,,
2005-01-11,172,39,,,
2005-01-12,228,194,,,
2005-01-13,33,33,,,
2005-01-19,-11,-33,,,
2005-01-20,78,-39,,,
2005-01-21,6,6,,,
2005-01-25,122,83,,,
2005-01-28,22,-17,,,
2005-02-11,83,83,,,
2005-03-03,100,-28,,,
2005-03-04,161,-50,,,
2005-03-05,156,0,,,
2005-03-06,178,-11,,,
2005-03-07,239,39,,,
2005-03-08,150,11,,,
2005-03-09,111,-33,,,
2005-03-10,122,-17,,,
2005-03-11,167,28,,,
2005-03-12,194,6,,,
2005-03-13,233,33,,,
2005-03-14,83,6,,,
2005-03-15,150,0,,,
2005-03-16,56,11,,,
2005-03-17,33,6,,,
2005-03-18,178,0,,,
2005-03-19,172,6,,,
2005-03-20,206,44,,,
2005-03-21,189,28,,,
2005-03-22,194,33,,,
2005-03-23,233,100,,,
2005-03-24,172,83,,,
2005-03-25,161,67,,,
2005-03-26,156,78,,,
2005-03-27,150,89,,,
2005-03-28,233,100,,,
2005-03-29,244,100,,,
2005-03-30,250,83,,,
2005-03-31,233,106,,,
2005-04-01,250,122,,,
2005-04-02,211,83,,,
2005-04-03,206,67,,,
2005-04-04,261,78,,,
2005-04-05,278,72,,,
2005-04-06,306,106,,,
2005-04-07,261,161,,,
2005-04-08,272,128,,,
2005-04-09,211,83,,,
2005-04-10,256,50,,,
2005-04-11,283,61,,,
2005-04-12,128,72,,,
2005-04-13,89,56,,,
2005-04-14,194,50,,,
2005-04-15,161,61,,,
2005-04-16,183,39,,,
2005-04-17,239,6,,,
2005-04-18,283,67,,,
2005-04-19,328,106,,,
2005-04-20,328,144,,,
2005-04-21,322,133,,,
2005-04-22,294,128,,,
2005-04-23,256,89,,,
2005-04-24,144,56,,,
2005-04-25,217,44,,,
2005-04-26,189,100,,,
2005-04-27,261,117,,,
2005-04-28,239,67,,,
2005-04-29,217,111,,,
2005-04-30,267,156,,,
2005-05-01,228,94,,,
2005-05-02,244,83,,,
2005-05-03,228,94,,,
2005-05-04,239,72,,,
2005-05-05,211,89,,,
2005-05-06,100,78,,,
2005-05-07,261,67,,,
2005-05-08,256,106,,,
2005-05-09,294,89,,,
2005-05-10,294,94,,,
2005-05-11,322,133,,,
2005-05-12,344,156,,,
2005-05-13,211,139,,,
2005-05-14,300,139,,,
2005-05-15,317,167,,,
2005-05-16,261,161,,,
2005-05-17,261,133,,,
2005-05-18,294,111,,,
2005-05-19,261,156,,,
2005-05-20,267,122,,,
2005-05-21,256,117,,,
2005-05-22,289,111,,,
2005-05-23,317,161,,,
2005-05-24,244,122,,,
2005-05-25,194,117,,,
2005-05-26,294,117,,,
2005-05-27,322,139,,,
2005-05-28,306,161,,,
2005-05-29,294,122,,,
2005-05-30,272,150,,,
2005-05-31,294,144,,,
2005-06-01,222,139,,,
2005-06-02,183,150,,,
2005-06-03,222,167,,,
2005-06-04,317,189,,,
2005-06-05,328,189,,,
2005-06-06,367,206,,,
2005-06-07,333,206,,,
2005-06-08,339,189,,,
2005-06-09,311,222,,,
2005-06-10,317,217,,,
2005-06-11,311,178,,,
2005-06-12,322,200,,,
2005-06-13,344,233,,,
2005-06-14,372,239,,,
2005-06-15,367,228,,,
2005-06-16,344,200,,,
2005-06-17,311,172,,,
2005-06-18,311,150,,,
2005-06-19,317,183,,,
2005-06-20,256,150,,,
2005-06-21,306,122,,,
2005-06-22,333,189,,,
2005-06-23,344,178,,,
2005-06-24,333,167,,,
2005-06-25,328,183,,,
2005-06-26,317,222,,,
2005-06-27,344,217,,,
2005-06-28,317,211,,,
2005-06-29,300,217,,,
2005-06-30,344,217,,,
2005-07-01,372,222,,,
2005-07-02,350,222,,,
2005-07-03,322,222,,,
2005-07-04,333,200,,,
2005-07-05,350,239,,,
2005-07-06,361,222,,,
2005-07-07,344,244,,,
2005-07-08,311,217,,,
2005-07-09,361,206,,,
2005-07-10,350,211,,,
2005-07-11,356,222,,,
2005-07-12,344,233,,,
2005-07-13,350,222,,,
2005-07-14,328,217,,,
2005-07-15,328,228,,,
2005-07-16,361,250,,,
2005-07-17,367,250,,,
2005-07-18,356,239,,,
2005-07-19,383,217,,,
2005-07-20,361,222,,,
2005-07-21,378,233,,,
2005-07-22,367,233,,,
2005-07-23,339,217,,,
2005-07-24,344,206,,,
2005-07-25,378,217,,,
2005-07-26,383,256,,,
2005-07-27,411,244,,,
2005-07-28,350,250,,,
2005-07-29,278,211,,,
2005-07-30,289,211,,,
2005-07-31,283,211,,,
2005-08-01,339,211,,,
2005-08-02,356,200,,,
2005-08-03,367,211,,,
2005-08-04,361,217,,,
2005-08-05,333,228,,,
2005-08-06,356,217,,,
2005-08-07,328,211,,,
2005-08-08,322,222,,,
2005-08-09,300,222,,,
2005-08-10,344,217,,,
2005-08-11,361,222,,,
2005-08-12,378,239,,,
2005-08-13,367,222,,,
2005-08-14,378,239,,,
2005-08-15,367,233,,,
2005-08-16,389,228,,,
2005-08-17,306,222,,,
2005-08-18,300,194,,,
2005-08-19,350,233,,,
2005-08-20,383,239,,,
2005-08-21,389,239,,,
2005-08-22,367,228,,,
2005-08-23,317,217,,,
2005-08-24,322,211,,,
2005-08-25,328,178,,,
2005-08-26,311,156,,,
2005-08-27,328,200,,,
2005-08-28,356,206,,,
2005-08-29,344,222,,,
2005-08-30,350,233,,,
2005-08-31,356,239,,,
2005-09-01,344,206,,,
2005-09-02,350,183,,,
2005-09-03,350,206,,,
2005-09-04,322,167,,,
2005-09-05,322,161,,,
2005-09-06,317,183,,,
2005-09-07,306,178,,,
2005-09-08,322,167,,,
2005-09-09,339,156,,,
2005-09-10,339,172,,,
2005-09-11,322,178,,,
2005-09-12,328,172,,,
2005-09-13,306,222,,,
2005-09-14,289,233,,,
2005-09-15,317,244,,,
2005-09-16,333,233,,,
2005-09-17,378,206,,,
2005-09-18,350,211,,,
2005-09-19,350,217,,,
2005-09-20,344,206,,,
2005-09-21,300,194,,,
2005-09-22,333,189,,,
2005-09-23,361,200,,,
2005-09-24,306,217,,,
2005-09-25,311,194,,,
2005-09-26,328,189,,,
2005-09-27,306,167,,,
2005-09-28,306,133,,,
2005-09-29,322,156,,,
2005-09-30,250,167,,,
2005-10-01,306,167,,,
2005-10-02,306,139,,,
2005-10-03,306,133,,,
2005-10-04,272,189,,,
2005-10-05,317,206,,,
2005-10-06,283,222,,,
2005-10-07,239,211,,,
2005-10-08,272,211,,,
2005-10-09,211,167,,,
2005-10-10,211,161,,,
2005-10-11,228,178,,,
2005-10-12,194,167,,,
2005-10-13,200,150,,,
2005-10-14,250,156,,,
2005-10-15,278,133,,,
2005-10-16,233,89,,,
2005-10-17,239,61,,,
2005-10-18,306,83,,,
2005-10-19,317,128,,,
2005-10-20,333,161,,,
2005-10-21,217,161,,,
2005-10-22,267,122,,,
2005-10-23,228,72,,,
2005-10-24,133,78,,,
2005-10-25,172,72,,,
2005-10-26,189,61,,,
2005-10-27,178,22,,,
2005-10-28,172,39,,,
2005-10-29,161,17,,,
2005-10-30,233,0,,,
2005-10-31,261,22,,,
2005-11-01,222,44,,,
2005-11-02,206,56,,,
2005-11-03,239,28,,,
2005-11-04,256,67,,,
2005-11-05,267,106,,,
2005-11-06,267,117,,,
2005-11-07,256,83,,,
2005-11-08,283,67,,,
2005-11-09,294,144,,,
2005-11-10,200,56,,,
2005-11-11,183,0,,,
2005-11-12,211,0,,,
2005-11-13,250,22,,,
2005-11-14,272,122,,,
2005-11-15,256,128,,,
2005-11-16,261,106,,,
2005-11-17,117,17,,,
2005-11-18,94,-11,,,
2005-11-19,150,-28,,,
2005-11-20,150,22,,,
2005-11-21,144,106,,,
2005-11-22,139,44,,,
2005-11-23,100,-11,,,
2005-11-24,211,67,,,
2005-11-25,61,-22,,,
2005-11-26,128,-33,,,
2005-11-27,161,-11,,,
2005-11-28,228,139,,,
2005-11-29,222,139,,,
2005-11-30,189,83,,,
2005-12-01,100,39,,,
2005-12-02,117,6,,,
2005-12-03,106,-11,,,
2005-12-04,194,56,,,
2005-12-05,100,11,,,
2005-12-06,61,-11,,,
2005-12-07,122,-28,,,
2005-12-08,72,-6,,,
2005-12-09,94,-11,,,
2005-12-10,106,-39,,,
2005-12-11,133,6,,,
2005-12-12,139,17,,,
2005-12-13,56,-17,,,
2005-12-14,11,-39,,,
2005-12-15,156,0,,,
2005-12-16,128,6,,,
2005-12-17,83,-6,,,
2005-12-18,50,0,,,
2005-12-19,117,-6,,,
2005-12-20,78,-39,,,
2005-12-21,56,-39,,,
2005-12-22,89,-50,,,
2005-12-23,156,-44,,,
2005-12-24,172,0,,,
2005-12-25,167,39,,,
2005-12-26,122,56,,,
2005-12-27,133,17,,,
2005-12-28,167,6,,,
2005-12-29,161,44,,,
2005-12-30,150,11,,,
2005-12-31,156,17,,,
2006-01-01,161,11,,,
2006-01-02,144,33,,,
2006-01-03,122,67,,,
2006-01-04,111,50,,,
2006-01-05,200,61,,,
2006-01-06,83,6,,,
2006-01-07,83,0,,,
2006-01-08,133,0,,,
2006-01-09,206,72,,,
2006-01-10,178,61,,,
2006-01-11,211,56,,,
2006-01-12,211,94,,,
2006-01-13,211,117,,,
2006-01-14,183,44,,,
2006-01-15,83,22,,,
2006-01-16,128,28,,,
2006-01-17,217,39,,,
2006-01-18,211,28,,,
2006-01-19,183,11,,,
2006-01-20,200,50,,,
2006-01-21,183,72,,,
2006-01-22,78,39,,,
2006-01-23,111,56,,,
2006-01-24,156,89,,,
2006-01-25,117,28,,,
2006-01-26,83,-17,,,
2006-01-27,111,-11,,,
2006-01-28,172,44,,,
2006-01-29,189,128,,,
2006-01-30,189,111,,,
2006-01-31,128,11,,,
2006-02-01,117,11,,,
2006-02-02,161,6,,,
2006-02-03,217,100,,,
2006-02-04,200,94,,,
2006-02-05,100,0,,,
2006-02-06,122,6,,,
2006-02-07,122,-11,,,
2006-02-08,122,-17,,,
2006-02-09,89,-33,,,
2006-02-10,111,28,,,
2006-02-11,56,56,,,
2006-02-12,61,-6,,,
2006-02-13,78,-22,,,
2006-02-14,139,0,,,
2006-02-15,194,28,,,
2006-02-16,233,50,,,
2006-02-17,244,94,,,
2006-02-18,94,6,,,
2006-02-19,33,-56,,,
2006-02-20,83,6,,,
2006-02-21,172,28,,,
2006-02-22,117,28,,,
2006-02-23,161,28,,,
2006-02-24,156,6,,,
2006-02-25,167,6,,,
2006-02-26,100,-28,,,
2006-02-27,111,-44,,,
2006-02-28,200,72,,,
2006-03-01,217,89,,,
2006-03-02,278,67,,,
2006-03-03,150,39,,,
2006-03-04,128,0,,,
2006-03-05,161,0,,,
2006-03-06,83,33,,,
2006-03-07,122,-6,,,
2006-03-08,178,-17,,,
2006-03-09,239,61,,,
2006-03-10,250,150,,,
2006-03-11,294,128,,,
2006-03-12,294,139,,,
2006-03-13,294,167,,,
2006-03-14,233,78,,,
2006-03-15,178,50,,,
2006-03-16,206,44,,,
2006-03-17,200,61,,,
2006-03-18,161,33,,,
2006-03-19,161,6,,,
2006-03-20,144,11,,,
2006-03-21,56,17,,,
2006-03-22,133,28,,,
2006-03-23,139,17,,,
2006-03-24,144,28,,,
2006-03-25,106,6,,,
2006-03-26,122,17,,,
2006-03-27,183,17,,,
2006-03-28,200,39,,,
2006-03-29,194,61,,,
2006-03-30,239,44,,,
2006-03-31,267,67,,,
2006-04-01,289,150,,,
2006-04-02,278,106,,,
2006-04-03,272,133,,,
2006-04-04,200,100,,,
2006-04-05,228,67,,,
2006-04-06,261,44,,,
2006-04-07,300,144,,,
2006-04-08,267,67,,,
2006-04-09,178,33,,,
2006-04-10,222,11,,,
2006-04-11,256,39,,,
2006-04-12,256,78,,,
2006-04-13,311,117,,,
2006-04-14,311,144,,,
2006-04-15,350,172,,,
2006-04-16,306,161,,,
2006-04-17,239,100,,,
2006-04-18,244,61,,,
2006-04-19,283,78,,,
2006-04-20,311,106,,,
2006-04-21,311,161,,,
2006-04-22,239,172,,,
2006-04-23,300,156,,,
2006-04-24,311,161,,,
2006-04-25,339,156,,,
2006-04-26,183,117,,,
2006-04-27,133,89,,,
2006-04-28,256,67,,,
2006-04-29,222,61,,,
2006-04-30,211,44,,,
2006-05-01,233,56,,,
2006-05-02,283,56,,,
2006-05-03,261,128,,,
2006-05-04,322,139,,,
2006-05-05,311,161,,,
2006-05-06,306,167,,,
2006-05-07,178,89,,,
2006-05-08,139,100,,,
2006-05-09,228,111,,,
2006-05-10,261,89,,,
2006-05-11,289,133,,,
2006-05-12,261,83,,,
2006-05-13,272,89,,,
2006-05-14,244,106,,,
2006-05-15,256,122,,,
2006-05-16,244,94,,,
2006-05-17,278,106,,,
2006-05-18,283,117,,,
2006-05-19,261,94,,,
2006-05-20,294,128,,,
2006-05-21,311,144,,,
2006-05-22,267,133,,,
2006-05-23,261,117,,,
2006-05-24,294,89,,,
2006-05-25,333,150,,,
2006-05-26,356,189,,,
2006-05-27,300,189,,,
2006-05-28,322,167,,,
2006-05-29,328,178,,,
2006-05-30,339,167,,,
2006-05-31,333,200,,,
2006-06-01,350,189,,,
2006-06-02,328,206,,,
2006-06-03,250,167,,,
2006-06-04,311,150,,,
2006-06-05,250,161,,,
2006-06-06,228,156,,,
2006-06-07,311,144,,,
2006-06-08,306,189,,,
2006-06-09,311,167,,,
2006-06-10,317,172,,,
2006-06-11,289,161,,,
2006-06-12,239,172,,,
2006-06-13,261,150,,,
2006-06-14,211,167,,,
2006-06-15,289,161,,,
2006-06-16,328,161,,,
2006-06-17,333,161,,,
2006-06-18,333,183,,,
2006-06-19,322,194,,,
2006-06-20,361,217,,,
2006-06-21,328,217,,,
2006-06-22,356,200,,,
2006-06-23,333,222,,,
2006-06-24,328,211,,,
2006-06-25,311,211,,,
2006-06-26,294,222,,,
2006-06-27,289,217,,,
2006-06-28,339,211,,,
2006-06-29,339,206,,,
2006-06-30,322,194,,,
2006-07-01,339,183,,,
2006-07-02,367,200,,,
2006-07-03,378,233,,,
2006-07-04,350,211,,,
2006-07-05,350,217,,,
2006-07-06,250,194,,,
2006-07-07,289,178,,,
2006-07-08,294,167,,,
2006-07-09,306,156,,,
2006-07-10,328,178,,,
2006-07-11,350,206,,,
2006-07-12,350,222,,,
2006-07-13,350,217,,,
2006-07-14,356,222,,,
2006-07-15,356,228,,,
2006-07-16,344,228,,,
2006-07-17,356,206,,,
2006-07-18,383,222,,,
2006-07-19,356,211,,,
2006-07-20,356,200,,,
2006-07-21,350,211,,,
2006-07-22,311,244,,,
2006-07-23,300,211,,,
2006-07-24,328,194,,,
2006-07-25,322,222,,,
2006-07-26,344,217,,,
2006-07-27,361,217,,,
2006-07-28,378,217,,,
2006-07-29,350,228,,,
2006-07-30,339,217,,,
2006-07-31,378,233,,,
2006-08-01,383,239,,,
2006-08-11,283,217,,,
2006-08-12,294,178,,,
2006-08-13,317,156,,,
2006-08-14,328,167,,,
2006-08-15,350,206,,,
2006-08-16,328,222,,,
2006-08-17,339,194,,,
2006-08-18,339,222,,,
2006-08-19,339,206,,,
2006-08-20,356,233,,,
2006-08-21,333,239,,,
2006-08-22,306,228,,,
2006-08-23,322,206,,,
2006-08-24,339,189,,,
2006-08-25,339,189,,,
2006-08-26,356,189,,,
2006-08-27,344,189,,,
2006-08-28,378,222,,,
2006-08-29,378,239,,,
2006-08-30,350,211,,,
2006-08-31,256,206,,,
2006-09-01,222,167,,,
2006-09-02,311,161,,,
2006-09-03,328,183,,,
2006-09-04,322,206,,,
2006-09-05,278,189,,,
2006-09-06,283,189,,,
2006-09-07,300,178,,,
2006-09-08,300,183,,,
2006-09-09,322,167,,,
2006-09-10,311,172,,,
2006-09-11,272,156,,,
2006-09-12,250,156,,,
2006-09-13,222,139,,,
2006-09-14,278,183,,,
2006-09-15,272,172,,,
2006-09-16,244,167,,,
2006-09-17,294,172,,,
2006-09-18,317,167,,,
2006-09-19,322,200,,,
2006-09-20,261,128,,,
2006-09-21,244,100,,,
2006-09-22,272,106,,,
2006-09-23,317,178,,,
2006-09-24,328,228,,,
2006-09-25,261,150,,,
2006-09-26,283,117,,,
2006-09-27,278,128,,,
2006-09-28,289,139,,,
2006-09-29,244,111,,,
2006-09-30,256,89,,,
2006-10-01,278,133,,,
2006-10-02,272,117,,,
2006-10-03,306,111,,,
2006-10-04,311,133,,,
2006-10-05,311,161,,,
2006-10-06,200,100,,,
2006-10-07,183,100,,,
2006-10-08,206,156,,,
2006-10-09,222,144,,,
2006-10-10,294,150,,,
2006-10-11,261,133,,,
2006-10-12,272,139,,,
2006-10-13,167,50,,,
2006-10-14,200,22,,,
2006-10-15,211,22,,,
2006-10-16,217,56,,,
2006-10-17,211,128,,,
2006-10-18,283,178,,,
2006-10-19,261,178,,,
2006-10-20,283,111,,,
2006-10-21,194,72,,,
2006-10-22,156,61,,,
2006-10-23,156,39,,,
2006-10-24,139,6,,,
2006-10-25,150,11,,,
2006-10-26,189,0,,,
2006-10-27,172,83,,,
2006-10-28,244,72,,,
2006-10-29,233,50,,,
2006-10-30,278,67,,,
2006-10-31,256,83,,,
2006-11-01,267,128,,,
2006-11-02,200,56,,,
2006-11-03,106,0,,,
2006-11-04,117,0,,,
2006-11-05,150,-11,,,
2006-11-06,194,6,,,
2006-11-07,183,78,,,
2006-11-08,211,139,,,
2006-11-09,239,117,,,
2006-11-10,261,89,,,
2006-11-11,267,100,,,
2006-11-12,156,94,,,
2006-11-13,161,100,,,
2006-11-14,244,83,,,
2006-11-15,211,89,,,
2006-11-16,217,100,,,
2006-11-17,178,67,,,
2006-11-18,133,39,,,
2006-11-19,150,17,,,
2006-11-20,144,44,,,
2006-11-21,72,50,,,
2006-11-22,122,56,,,
2006-11-23,89,50,,,
2006-11-24,194,33,,,
2006-11-25,206,17,,,
2006-11-26,194,22,,,
2006-11-27,222,33,,,
2006-11-28,228,67,,,
2006-11-29,250,100,,,
2006-11-30,256,106,,,
2006-12-01,250,150,,,
2006-12-02,133,44,,,
2006-12-03,139,44,,,
2006-12-04,94,-11,,,
2006-12-05,117,-17,,,
2006-12-06,139,-17,,,
2006-12-07,167,0,,,
2006-12-08,33,-56,,,
2006-12-09,100,-67,,,
2006-12-10,178,-22,,,
2006-12-11,206,6,,,
2006-12-12,189,-11,,,
2006-12-13,189,61,,,
2006-12-14,206,61,,,
2006-12-15,211,67,,,
2006-12-16,200,28,,,
2006-12-17,211,11,,,
2006-12-18,261,67,,,
2006-12-19,178,39,,,
2006-12-20,139,0,,,
2006-12-21,139,11,,,
2006-12-22,189,94,,,
2006-12-23,211,83,,,
2006-12-24,161,33,,,
2006-12-25,183,61,,,
2006-12-26,178,83,,,
2006-12-27,117,0,,,
2006-12-28,150,-6,,,
2006-12-29,189,0,,,
2006-12-30,161,0,,,
2006-12-31,172,100,,,
2007-01-01,211,111,,,
2007-01-02,150,11,,,
2007-01-03,183,-11,,,
2007-01-04,239,72,,,
2007-01-05,222,150,,,
2007-01-06,239,117,,,
2007-01-07,194,67,,,
2007-01-08,200,44,,,
2007-01-09,144,-11,,,
2007-01-10,72,-17,,,
2007-01-11,106,-33,,,
2007-01-12,200,0,,,
2007-01-13,217,89,,,
2007-01-14,239,94,,,
2007-01-15,233,128,,,
2007-01-16,178,56,,,
2007-01-17,56,-17,,,
2007-01-18,28,-11,,,
2007-01-19,133,17,,,
2007-01-20,89,-17,,,
2007-01-21,17,-22,,,
2007-01-22,61,6,,,
2007-01-23,117,0,,,
2007-01-24,94,0,,,
2007-01-25,100,0,,,
2007-01-26,83,-56,,,
2007-01-27,178,17,,,
2007-01-28,161,0,,,
2007-01-29,44,-50,,,
2007-01-30,106,-28,,,
2007-01-31,50,-33,,,
2007-02-01,17,-17,,,
2007-02-02,83,11,,,
2007-02-03,94,-17,,,
2007-02-04,111,-17,,,
2007-02-05,50,-50,,,
2007-02-06,28,-83,,,
2007-02-07,94,17,,,
2007-02-08,78,-39,,,
2007-02-09,78,-50,,,
2007-02-10,83,-28,,,
2007-02-11,94,-56,,,
2007-02-12,178,-39,,,
2007-02-13,94,67,,,
2007-02-14,106,-11,,,
2007-02-15,61,-50,,,
2007-02-16,56,-44,,,
2007-02-17,100,-72,,,
2007-02-18,78,-17,,,
2007-02-19,106,-56,,,
2007-02-20,194,39,,,
2007-02-21,194,89,,,
2007-02-22,233,78,,,
2007-02-23,122,17,,,
2007-02-24,144,-33,,,
2007-02-25,128,50,,,
2007-02-26,139,50,,,
2007-02-27,189,17,,,
2007-02-28,172,44,,,
2007-03-01,200,33,,,
2007-03-02,222,100,,,
2007-03-03,222,61,,,
2007-03-04,106,17,,,
2007-03-05,178,-17,,,
2007-03-06,106,6,,,
2007-03-07,222,-11,,,
2007-03-08,133,0,,,
2007-03-09,167,-6,,,
2007-03-10,222,17,,,
2007-03-11,228,72,,,
2007-03-12,200,33,,,
2007-03-13,256,56,,,
2007-03-14,300,117,,,
2007-03-15,283,150,,,
2007-03-16,139,28,,,
2007-03-17,89,11,,,
2007-03-18,111,-11,,,
2007-03-19,172,-28,,,
2007-03-20,272,106,,,
2007-03-21,172,94,,,
2007-03-22,267,56,,,
2007-03-23,300,122,,,
2007-03-24,306,156,,,
2007-03-25,278,78,,,
2007-03-26,239,56,,,
2007-03-27,311,156,,,
2007-03-28,294,128,,,
2007-03-29,167,50,,,
2007-03-30,222,11,,,
2007-03-31,272,67,,,
2007-04-01,278,139,,,
2007-04-02,311,167,,,
2007-04-03,306,111,,,
2007-04-04,306,150,,,
2007-04-05,161,56,,,
2007-04-06,150,0,,,
2007-04-07,106,11,,,
2007-04-08,156,-22,,,
2007-04-09,150,6,,,
2007-04-10,189,0,,,
2007-04-11,167,56,,,
2007-04-12,267,122,,,
2007-04-13,200,56,,,
2007-04-14,211,78,,,
2007-04-15,267,50,,,
2007-04-16,172,61,,,
2007-04-17,222,83,,,
2007-04-18,206,72,,,
2007-04-19,167,72,,,
2007-04-20,217,67,,,
2007-04-21,283,56,,,
2007-04-22,311,89,,,
2007-04-23,311,111,,,
2007-04-24,322,167,,,
2007-04-25,322,156,,,
2007-04-26,306,172,,,
2007-04-27,283,200,,,
2007-04-28,267,156,,,
2007-04-29,283,133,,,
2007-04-30,344,111,,,
2007-05-01,372,144,,,
2007-05-02,344,189,,,
2007-05-03,239,133,,,
2007-05-04,189,111,,,
2007-05-05,239,139,,,
2007-05-06,200,94,,,
2007-05-07,211,72,,,
2007-05-08,206,100,,,
2007-05-09,278,161,,,
2007-05-10,311,167,,,
2007-05-11,328,161,,,
2007-05-12,306,189,,,
2007-05-13,233,106,,,
2007-05-14,272,78,,,
2007-05-15,306,106,,,
2007-05-16,317,161,,,
2007-05-17,228,150,,,
2007-05-18,211,94,,,
2007-05-19,239,72,,,
2007-05-20,311,100,,,
2007-05-21,328,139,,,
2007-05-22,300,139,,,
2007-05-23,306,133,,,
2007-05-24,306,117,,,
2007-05-25,322,133,,,
2007-05-26,339,156,,,
2007-05-27,344,172,,,
2007-05-28,350,167,,,
2007-05-29,356,167,,,
2007-05-30,344,161,,,
2007-05-31,344,156,,,
2007-06-01,339,161,,,
2007-06-02,294,183,,,
2007-06-03,278,189,,,
2007-06-04,339,167,,,
2007-06-05,339,200,,,
2007-06-06,311,167,,,
2007-06-07,356,161,,,
2007-06-08,361,228,,,
2007-06-09,328,239,,,
2007-06-10,311,189,,,
2007-06-11,311,161,,,
2007-06-12,322,183,,,
2007-06-13,306,178,,,
2007-06-14,222,156,,,
2007-06-15,239,133,,,
2007-06-16,306,167,,,
2007-06-17,339,189,,,
2007-06-18,383,172,,,
2007-06-19,389,217,,,
2007-06-20,300,189,,,
2007-06-21,333,167,,,
2007-06-22,350,183,,,
2007-06-23,328,200,,,
2007-06-24,339,194,,,
2007-06-25,344,211,,,
2007-06-26,356,222,,,
2007-06-27,356,228,,,
2007-06-28,372,228,,,
2007-06-29,378,228,,,
2007-06-30,328,211,,,
2007-07-01,333,189,,,
2007-07-02,311,156,,,
2007-07-03,306,167,,,
2007-07-04,333,178,,,
2007-07-05,367,200,,,
2007-07-06,378,228,,,
2007-07-07,372,217,,,
2007-07-08,367,206,,,
2007-07-09,383,228,,,
2007-07-10,361,222,,,
2007-07-11,367,217,,,
2007-07-12,344,211,,,
2007-07-13,311,189,,,
2007-07-14,333,167,,,
2007-07-15,356,211,,,
2007-07-16,350,233,,,
2007-07-17,361,217,,,
2007-07-18,333,211,,,
2007-07-19,372,228,,,
2007-07-20,306,228,,,
2007-07-21,306,178,,,
2007-07-22,317,156,,,
2007-07-23,328,172,,,
2007-07-24,339,161,,,
2007-07-25,339,189,,,
2007-07-26,350,206,,,
2007-07-27,372,200,,,
2007-07-28,339,194,,,
2007-07-29,344,200,,,
2007-07-30,350,217,,,
2007-07-31,350,206,,,
2007-08-01,367,206,,,
2007-08-02,361,206,,,
2007-08-03,367,206,,,
2007-08-04,383,222,,,
2007-08-05,394,244,,,
2007-08-06,389,244,,,
2007-08-07,411,244,,,
2007-08-08,411,261,,,
2007-08-09,433,256,,,
2007-08-10,400,228,,,
2007-08-11,306,206,,,
2007-08-12,339,172,,,
2007-08-13,361,211,,,
2007-08-14,361,200,,,
2007-08-15,383,194,,,
2007-08-16,372,239,,,
2007-08-17,350,228,,,
2007-08-18,344,194,,,
2007-08-19,367,189,,,
2007-08-20,406,239,,,
2007-08-21,411,228,,,
2007-08-22,339,222,,,
2007-08-23,322,228,,,
2007-08-24,367,217,,,
2007-08-25,383,233,,,
2007-08-26,372,217,,,
2007-08-27,339,217,,,
2007-08-28,356,211,,,
2007-08-29,339,211,,,
2007-08-30,339,200,,,
2007-08-31,339,200,,,
2007-09-01,322,183,,,
2007-09-02,333,156,,,
2007-09-03,339,156,,,
2007-09-04,356,183,,,
2007-09-05,367,183,,,
2007-09-06,356,200,,,
2007-09-07,350,194,,,
2007-09-08,356,172,,,
2007-09-09,328,194,,,
2007-09-10,394,206,,,
2007-09-11,389,228,,,
2007-09-12,333,206,,,
2007-09-13,339,189,,,
2007-09-14,322,178,,,
2007-09-15,283,156,,,
2007-09-16,278,117,,,
2007-09-17,283,117,,,
2007-09-18,283,139,,,
2007-09-19,244,161,,,
2007-09-20,217,194,,,
2007-09-21,289,194,,,
2007-09-22,344,206,,,
2007-09-23,356,194,,,
2007-09-24,333,161,,,
2007-09-25,322,133,,,
2007-09-26,333,156,,,
2007-09-27,328,194,,,
2007-09-28,317,183,,,
2007-09-29,283,122,,,
2007-09-30,306,106,,,
2007-10-01,300,144,,,
2007-10-02,328,167,,,
2007-10-03,328,189,,,
2007-10-04,333,200,,,
2007-10-05,256,206,,,
2007-10-06,283,200,,,
2007-10-07,339,194,,,
2007-10-08,361,194,,,
2007-10-09,367,200,,,
2007-10-10,311,194,,,
2007-10-11,217,100,,,
2007-10-12,239,83,,,
2007-10-13,239,78,,,
2007-10-14,256,78,,,
2007-10-15,278,94,,,
2007-10-16,278,100,,,
2007-10-17,311,117,,,
2007-10-18,306,167,,,
2007-10-19,289,222,,,
2007-10-20,278,122,,,
2007-10-21,289,83,,,
2007-10-22,294,128,,,
2007-10-23,317,156,,,
2007-10-24,294,200,,,
2007-10-25,211,161,,,
2007-10-26,233,167,,,
2007-10-27,233,150,,,
2007-10-28,211,83,,,
2007-10-29,178,44,,,
2007-10-30,206,17,,,
2007-10-31,250,50,,,
2007-11-01,267,100,,,
2007-11-02,189,100,,,
2007-11-03,183,50,,,
2007-11-04,217,44,,,
2007-11-05,206,39,,,
2007-11-06,172,28,,,
2007-11-07,139,22,,,
2007-11-08,111,0,,,
2007-11-09,161,28,,,
2007-11-10,122,22,,,
2007-11-11,161,6,,,
2007-11-12,178,11,,,
2007-11-13,233,94,,,
2007-11-14,272,106,,,
2007-11-15,172,44,,,
2007-11-16,111,6,,,
2007-11-17,156,-11,,,
2007-11-18,206,6,,,
2007-11-19,144,78,,,
2007-11-20,189,83,,,
2007-11-21,267,78,,,
2007-11-22,244,139,,,
2007-11-23,122,11,,,
2007-11-24,117,-17,,,
2007-11-25,83,39,,,
2007-11-26,200,78,,,
2007-11-27,200,61,,,
2007-11-28,156,22,,,
2007-11-29,167,44,,,
2007-11-30,144,6,,,
2007-12-01,144,0,,,
2007-12-02,139,17,,,
2007-12-03,194,17,,,
2007-12-04,78,17,,,
2007-12-05,111,17,,,
2007-12-06,67,-28,,,
2007-12-07,94,-28,,,
2007-12-08,233,56,,,
2007-12-09,222,83,,,
2007-12-10,267,139,,,
2007-12-11,150,100,,,
2007-12-12,256,111,,,
2007-12-13,233,111,,,
2007-12-14,211,78,,,
2007-12-15,78,50,,,
2007-12-16,117,28,,,
2007-12-17,61,-22,,,
2007-12-18,89,-50,,,
2007-12-19,100,-11,,,
2007-12-20,144,-17,,,
2007-12-21,106,44,,,
2007-12-22,172,78,,,
2007-12-23,217,94,,,
2007-12-24,156,11,,,
2007-12-25,128,6,,,
2007-12-26,67,28,,,
2007-12-27,144,17,,,
2007-12-28,167,28,,,
2007-12-29,233,139,,,
2007-12-30,150,83,,,
2007-12-31,144,28,,,
2008-01-01,150,11,,,
2008-01-02,17,-22,,,
2008-01-03,28,-56,,,
2008-01-04,72,-78,,,
2008-01-05,111,-33,,,
2008-01-06,206,56,,,
2008-01-07,233,67,,,
2008-01-08,256,111,,,
2008-01-09,233,133,,,
2008-01-10,161,67,,,
2008-01-11,217,133,,,
2008-01-12,133,50,,,
2008-01-13,89,50,,,
2008-01-14,128,0,,,
2008-01-15,78,-39,,,
2008-01-16,78,-39,,,
2008-01-17,56,11,,,
2008-01-18,117,11,,,
2008-01-19,61,6,,,
2008-01-20,17,-67,,,
2008-01-21,44,-78,,,
2008-01-22,100,-50,,,
2008-01-23,128,28,,,
2008-01-24,78,6,,,
2008-01-25,50,-33,,,
2008-01-26,72,-11,,,
2008-01-27,111,-28,,,
2008-01-28,111,-39,,,
2008-01-29,178,6,,,
2008-01-30,156,-11,,,
2008-01-31,117,-22,,,
2008-02-01,161,33,,,
2008-02-02,156,0,,,
2008-02-03,200,11,,,
2008-02-04,206,44,,,
2008-02-05,239,111,,,
2008-02-06,283,161,,,
2008-02-07,194,50,,,
2008-02-08,150,22,,,
2008-02-09,206,39,,,
2008-02-10,189,44,,,
2008-02-11,89,-17,,,
2008-02-12,194,-17,,,
2008-02-13,200,39,,,
2008-02-14,117,6,,,
2008-02-15,178,11,,,
2008-02-16,156,22,,,
2008-02-17,200,11,,,
2008-02-18,228,94,,,
2008-02-19,139,11,,,
2008-02-20,178,-6,,,
2008-02-21,50,-6,,,
2008-02-22,61,0,,,
2008-02-23,117,56,,,
2008-02-24,111,22,,,
2008-02-25,161,28,,,
2008-02-26,161,56,,,
2008-02-27,94,-6,,,
2008-02-28,61,-39,,,
2008-02-29,133,-33,,,
2008-03-01,194,56,,,
2008-03-02,178,17,,,
2008-03-03,233,11,,,
2008-03-04,250,133,,,
2008-03-05,206,94,,,
2008-03-06,211,56,,,
2008-03-07,189,67,,,
2008-03-08,217,28,,,
2008-03-09,128,0,,,
2008-03-10,172,0,,,
2008-03-11,200,39,,,
2008-03-12,206,56,,,
2008-03-13,267,39,,,
2008-03-14,244,106,,,
2008-03-15,228,89,,,
2008-03-16,172,67,,,
2008-03-17,161,17,,,
2008-03-18,150,6,,,
2008-03-19,256,117,,,
2008-03-20,194,50,,,
2008-03-21,211,11,,,
2008-03-22,261,94,,,
2008-03-23,161,33,,,
2008-03-24,128,28,,,
2008-03-25,167,11,,,
2008-03-26,244,61,,,
2008-03-27,261,83,,,
2008-03-28,289,128,,,
2008-03-29,139,56,,,
2008-03-30,78,44,,,
2008-03-31,200,72,,,
2008-04-01,244,161,,,
2008-04-02,194,94,,,
2008-04-03,133,67,,,
2008-04-04,244,78,,,
2008-04-05,183,144,,,
2008-04-06,150,89,,,
2008-04-07,128,78,,,
2008-04-08,161,78,,,
2008-04-09,222,100,,,
2008-04-10,278,100,,,
2008-04-11,300,133,,,
2008-04-12,278,150,,,
2008-04-13,222,100,,,
2008-04-14,144,44,,,
2008-04-15,167,39,,,
2008-04-16,211,22,,,
2008-04-17,283,33,,,
2008-04-18,339,72,,,
2008-04-19,289,128,,,
2008-04-20,244,133,,,
2008-04-21,200,117,,,
2008-04-22,217,139,,,
2008-04-23,267,139,,,
2008-04-24,289,117,,,
2008-04-25,300,128,,,
2008-04-26,317,150,,,
2008-04-27,250,167,,,
2008-04-28,217,150,,,
2008-04-29,183,94,,,
2008-04-30,217,56,,,
2008-05-01,272,78,,,
2008-05-02,300,139,,,
2008-05-03,300,156,,,
2008-05-04,294,172,,,
2008-05-05,272,156,,,
2008-05-06,278,122,,,
2008-05-07,317,122,,,
2008-05-08,256,183,,,
2008-05-09,294,183,,,
2008-05-10,289,122,,,
2008-05-11,200,100,,,
2008-05-12,178,94,,,
2008-05-13,222,78,,,
2008-05-14,256,78,,,
2008-05-15,289,167,,,
2008-05-16,306,161,,,
2008-05-17,267,94,,,
2008-05-18,289,128,,,
2008-05-19,272,117,,,
2008-05-20,311,144,,,
2008-05-21,256,117,,,
2008-05-22,278,94,,,
2008-05-23,261,128,,,
2008-05-24,239,133,,,
2008-05-25,283,106,,,
2008-05-26,306,128,,,
2008-05-27,328,172,,,
2008-05-28,228,122,,,
2008-05-29,272,89,,,
2008-05-30,300,117,,,
2008-05-31,333,189,,,
2008-06-01,350,206,,,
2008-06-02,294,178,,,
2008-06-03,300,161,,,
2008-06-04,367,211,,,
2008-06-05,394,250,,,
2008-06-06,389,233,,,
2008-06-07,411,244,,,
2008-06-08,411,239,,,
2008-06-09,394,239,,,
2008-06-10,394,239,,,
2008-06-11,261,239,,,
2008-06-12,361,217,,,
2008-06-13,339,178,,,
2008-06-14,350,189,,,
2008-06-15,322,211,,,
2008-06-16,378,211,,,
2008-06-17,344,200,,,
2008-06-18,311,156,,,
2008-06-19,333,144,,,
2008-06-20,322,200,,,
2008-06-21,300,194,,,
2008-06-22,339,194,,,
2008-06-23,350,200,,,
2008-06-24,361,189,,,
2008-06-25,372,178,,,
2008-06-26,389,222,,,
2008-06-27,372,233,,,
2008-06-28,389,233,,,
2008-06-29,367,206,,,
2008-06-30,333,200,,,
2008-07-01,311,183,,,
2008-07-02,344,156,,,
2008-07-03,350,194,,,
2008-07-04,367,211,,,
2008-07-05,344,211,,,
2008-07-06,333,206,,,
2008-07-07,328,200,,,
2008-07-08,344,206,,,
2008-07-09,317,211,,,
2008-07-10,322,211,,,
2008-07-11,322,211,,,
2008-07-12,339,200,,,
2008-07-13,356,178,,,
2008-07-14,267,211,,,
2008-07-15,333,206,,,
2008-07-16,339,178,,,
2008-07-17,356,172,,,
2008-07-18,356,172,,,
2008-07-19,350,217,,,
2008-07-20,350,228,,,
2008-07-21,367,233,,,
2008-07-22,383,239,,,
2008-07-23,344,211,,,
2008-07-24,322,206,,,
2008-07-25,311,194,,,
2008-07-26,356,189,,,
2008-07-27,344,211,,,
2008-07-28,350,206,,,
2008-07-29,372,233,,,
2008-07-30,367,239,,,
2008-07-31,378,228,,,
2008-08-01,356,222,,,
2008-08-02,389,228,,,
2008-08-03,350,228,,,
2008-08-04,372,200,,,
2008-08-05,361,239,,,
2008-08-06,361,228,,,
2008-08-07,356,233,,,
2008-08-08,339,211,,,
2008-08-09,333,194,,,
2008-08-10,322,183,,,
2008-08-11,306,183,,,
2008-08-12,317,139,,,
2008-08-13,244,178,,,
2008-08-14,300,167,,,
2008-08-15,322,183,,,
2008-08-16,317,189,,,
2008-08-17,311,183,,,
2008-08-18,339,178,,,
2008-08-19,361,194,,,
2008-08-20,356,206,,,
2008-08-21,333,194,,,
2008-08-22,322,172,,,
2008-08-23,333,189,,,
2008-08-24,322,183,,,
2008-08-25,344,200,,,
2008-08-26,294,206,,,
2008-08-27,250,206,,,
2008-08-28,306,228,,,
2008-08-29,333,228,,,
2008-08-30,339,217,,,
2008-08-31,339,200,,,
2008-09-01,328,183,,,
2008-09-02,333,156,,,
2008-09-03,361,172,,,
2008-09-04,350,183,,,
2008-09-05,294,178,,,
2008-09-06,311,222,,,
2008-09-07,344,211,,,
2008-09-08,344,200,,,
2008-09-09,322,217,,,
2008-09-10,233,206,,,
2008-09-11,311,194,,,
2008-09-12,317,200,,,
2008-09-13,350,222,,,
2008-09-14,350,228,,,
2008-09-15,344,239,,,
2008-09-16,244,172,,,
2008-09-17,250,150,,,
2008-09-18,294,133,,,
2008-09-19,261,150,,,
2008-09-20,267,139,,,
2008-09-21,272,139,,,
2008-09-22,272,161,,,
2008-09-23,267,150,,,
2008-09-24,228,128,,,
2008-09-25,194,139,,,
2008-09-26,283,189,,,
2008-09-27,306,194,,,
2008-09-28,278,189,,,
2008-09-29,306,178,,,
2008-09-30,267,172,,,
2008-10-01,267,128,,,
2008-10-02,239,100,,,
2008-10-03,278,89,,,
2008-10-04,283,100,,,
2008-10-05,306,122,,,
2008-10-06,311,117,,,
2008-10-07,244,111,,,
2008-10-08,256,89,,,
2008-10-09,283,167,,,
2008-10-10,256,167,,,
2008-10-11,239,161,,,
2008-10-12,289,144,,,
2008-10-13,278,133,,,
2008-10-14,322,106,,,
2008-10-15,339,128,,,
2008-10-16,339,144,,,
2008-10-17,217,106,,,
2008-10-18,144,100,,,
2008-10-19,172,50,,,
2008-10-20,211,17,,,
2008-10-21,256,56,,,
2008-10-22,172,44,,,
2008-10-23,189,44,,,
2008-10-24,183,78,,,
2008-10-25,233,128,,,
2008-10-26,222,89,,,
2008-10-27,222,22,,,
2008-10-28,156,28,,,
2008-10-29,150,22,,,
2008-10-30,156,0,,,
2008-10-31,211,0,,,
2008-11-01,256,33,,,
2008-11-02,278,39,,,
2008-11-03,172,128,,,
2008-11-04,161,139,,,
2008-11-05,189,144,,,
2008-11-06,244,128,,,
2008-11-07,267,111,,,
2008-11-08,206,78,,,
2008-11-09,222,39,,,
2008-11-10,178,22,,,
2008-11-11,156,17,,,
2008-11-12,172,39,,,
2008-11-13,183,100,,,
2008-11-14,183,133,,,
2008-11-15,261,111,,,
2008-11-16,156,22,,,
2008-11-17,139,0,,,
2008-11-18,78,0,,,
2008-11-19,72,-22,,,
2008-11-20,156,0,,,
2008-11-21,67,-11,,,
2008-11-22,72,-44,,,
2008-11-23,139,-17,,,
2008-11-24,133,-28,,,
2008-11-25,128,11,,,
2008-11-26,128,-6,,,
2008-11-27,167,-22,,,
2008-11-28,194,22,,,
2008-11-29,94,50,,,
2008-11-30,156,50,,,
2008-12-01,133,28,,,
2008-12-02,122,-11,,,
2008-12-03,139,-28,,,
2008-12-04,156,0,,,
2008-12-05,106,-11,,,
2008-12-06,106,-28,,,
2008-12-07,61,-39,,,
2008-12-08,78,-56,,,
2008-12-09,183,-6,,,
2008-12-10,217,156,,,
2008-12-11,222,144,,,
2008-12-12,144,28,,,
2008-12-13,89,-17,,,
2008-12-14,150,-17,,,
2008-12-15,228,78,,,
2008-12-16,144,61,,,
2008-12-17,161,61,,,
2008-12-18,144,111,,,
2008-12-19,211,106,,,
2008-12-20,161,67,,,
2008-12-21,144,28,,,
2008-12-22,22,-50,,,
2008-12-23,56,-56,,,
2008-12-24,200,0,,,
2008-12-25,194,56,,,
2008-12-26,94,22,,,
2008-12-27,144,67,,,
2008-12-28,233,139,,,
2008-12-29,167,39,,,
2008-12-30,183,56,,,
2008-12-31,161,-6,,,
2009-01-01,50,-44,,,
2009-01-02,50,-39,,,
2009-01-03,167,0,,,
2009-01-04,122,28,,,
2009-01-05,161,117,,,
2009-01-06,122,56,,,
2009-01-07,211,67,,,
2009-01-08,117,22,,,
2009-01-09,111,-11,,,
2009-01-10,178,6,,,
2009-01-11,144,67,,,
2009-01-12,106,0,,,
2009-01-13,44,0,,,
2009-01-14,72,-11,,,
2009-01-15,83,-39,,,
2009-01-16,-11,-83,,,
2009-01-17,6,-122,,,
2009-01-18,39,-6,,,
2009-01-19,78,17,,,
2009-01-20,33,-56,,,
2009-01-21,39,-94,,,
2009-01-22,111,-50,,,
2009-01-23,156,-6,,,
2009-01-24,128,22,,,
2009-01-25,17,-17,,,
2009-01-26,89,0,,,
2009-01-27,56,39,,,
2009-01-28,217,39,,,
2009-01-29,139,6,,,
2009-01-30,117,-6,,,
2009-01-31,89,-22,,,
2009-02-01,172,6,,,
2009-02-02,183,33,,,
2009-02-03,67,6,,,
2009-02-04,50,-28,,,
2009-02-05,11,-61,,,
2009-02-06,117,-72,,,
2009-02-07,222,-11,,,
2009-02-08,244,78,,,
2009-02-09,183,39,,,
2009-02-10,222,39,,,
2009-02-11,244,106,,,
2009-02-12,217,111,,,
2009-02-13,189,50,,,
2009-02-14,150,44,,,
2009-02-15,128,22,,,
2009-02-16,72,0,,,
2009-02-17,106,-28,,,
2009-02-18,144,28,,,
2009-02-19,167,17,,,
2009-02-20,78,-22,,,
2009-02-21,117,-44,,,
2009-02-22,106,0,,,
2009-02-23,72,-33,,,
2009-02-24,100,-44,,,
2009-02-25,128,-44,,,
2009-02-26,194,0,,,
2009-02-27,228,61,,,
2009-02-28,144,28,,,
2009-03-01,33,11,,,
2009-03-02,11,-28,,,
2009-03-03,6,-72,,,
2009-03-04,89,-72,,,
2009-03-05,167,-28,,,
2009-03-06,239,17,,,
2009-03-07,278,100,,,
2009-03-08,289,122,,,
2009-03-09,306,122,,,
2009-03-10,194,72,,,
2009-03-11,278,111,,,
2009-03-12,172,67,,,
2009-03-13,72,33,,,
2009-03-14,61,33,,,
2009-03-15,94,50,,,
2009-03-16,111,78,,,
2009-03-17,111,61,,,
2009-03-18,200,22,,,
2009-03-19,261,50,,,
2009-03-20,172,44,,,
2009-03-21,144,6,,,
2009-03-22,200,-6,,,
2009-03-23,183,44,,,
2009-03-24,161,17,,,
2009-03-25,100,33,,,
2009-03-26,189,72,,,
2009-03-27,217,133,,,
2009-03-28,256,156,,,
2009-03-29,278,111,,,
2009-03-30,206,61,,,
2009-03-31,233,33,,,
2009-04-01,217,100,,,
2009-04-02,189,128,,,
2009-04-03,272,133,,,
2009-04-04,256,67,,,
2009-04-05,289,67,,,
2009-04-06,228,100,,,
2009-04-07,117,50,,,
2009-04-08,178,17,,,
2009-04-09,228,78,,,
2009-04-10,272,83,,,
2009-04-11,228,72,,,
2009-04-12,200,61,,,
2009-04-13,172,50,,,
2009-04-14,233,128,,,
2009-04-15,183,72,,,
2009-04-16,211,56,,,
2009-04-17,261,17,,,
2009-04-18,322,78,,,
2009-04-19,239,122,,,
2009-04-20,272,139,,,
2009-04-21,261,106,,,
2009-04-22,189,72,,,
2009-04-23,278,67,,,
2009-04-24,328,83,,,
2009-04-25,350,189,,,
2009-04-26,361,161,,,
2009-04-27,344,150,,,
2009-04-28,317,133,,,
2009-04-29,300,139,,,
2009-04-30,272,122,,,
2009-05-01,306,183,,,
2009-05-02,289,183,,,
2009-05-03,306,189,,,
2009-05-04,317,178,,,
2009-05-05,222,156,,,
2009-05-06,311,167,,,
2009-05-07,306,189,,,
2009-05-08,306,161,,,
2009-05-09,344,206,,,
2009-05-10,300,172,,,
2009-05-11,189,83,,,
2009-05-12,256,72,,,
2009-05-13,261,100,,,
2009-05-14,272,122,,,
2009-05-15,311,178,,,
2009-05-16,311,206,,,
2009-05-17,228,117,,,
2009-05-18,189,89,,,
2009-05-19,233,89,,,
2009-05-20,289,78,,,
2009-05-21,294,117,,,
2009-05-22,317,139,,,
2009-05-23,322,167,,,
2009-05-24,311,178,,,
2009-05-25,306,178,,,
2009-05-26,289,200,,,
2009-05-27,322,178,,,
2009-05-28,317,189,,,
2009-05-29,328,206,,,
2009-05-30,328,183,,,
2009-05-31,344,172,,,
2009-06-01,344,189,,,
2009-06-02,361,194,,,
2009-06-03,350,211,,,
2009-06-04,333,206,,,
2009-06-05,306,183,,,
2009-06-06,239,167,,,
2009-06-07,300,178,,,
2009-06-08,350,200,,,
2009-06-09,344,178,,,
2009-06-10,317,167,,,
2009-06-11,344,211,,,
2009-06-12,350,200,,,
2009-06-13,350,211,,,
2009-06-14,322,211,,,
2009-06-15,283,200,,,
2009-06-16,256,167,,,
2009-06-17,272,189,,,
2009-06-18,339,206,,,
2009-06-19,350,217,,,
2009-06-20,378,239,,,
2009-06-21,333,211,,,
2009-06-22,311,200,,,
2009-06-23,311,200,,,
2009-06-24,333,194,,,
2009-06-25,361,183,,,
2009-06-26,367,217,,,
2009-06-27,356,206,,,
2009-06-28,344,183,,,
2009-06-29,367,206,,,
2009-06-30,361,183,,,
2009-07-01,372,206,,,
2009-07-02,344,200,,,
2009-07-03,311,200,,,
2009-07-04,339,178,,,
2009-07-05,272,211,,,
2009-07-06,311,200,,,
2009-07-07,333,189,,,
2009-07-08,350,189,,,
2009-07-09,306,211,,,
2009-07-10,311,189,,,
2009-07-11,328,167,,,
2009-07-12,372,228,,,
2009-07-13,267,194,,,
2009-07-14,333,189,,,
2009-07-15,344,161,,,
2009-07-16,339,217,,,
2009-07-17,339,211,,,
2009-07-18,311,217,,,
2009-07-19,328,189,,,
2009-07-20,283,194,,,
2009-07-21,317,200,,,
2009-07-22,328,194,,,
2009-07-23,333,211,,,
2009-07-24,350,200,,,
2009-07-25,356,206,,,
2009-07-26,372,222,,,
2009-07-27,350,222,,,
2009-07-28,356,200,,,
2009-07-29,339,233,,,
2009-07-30,361,222,,,
2009-07-31,356,222,,,
2009-08-01,344,222,,,
2009-08-02,289,228,,,
2009-08-03,356,228,,,
2009-08-04,361,217,,,
2009-08-05,367,222,,,
2009-08-06,289,206,,,
2009-08-07,339,194,,,
2009-08-08,344,200,,,
2009-08-09,389,222,,,
2009-08-10,383,239,,,
2009-08-11,400,239,,,
2009-08-12,322,228,,,
2009-08-13,294,222,,,
2009-08-14,294,222,,,
2009-08-15,344,217,,,
2009-08-16,328,206,,,
2009-08-17,361,211,,,
2009-08-18,372,233,,,
2009-08-19,378,228,,,
2009-08-20,361,233,,,
2009-08-21,361,233,,,
2009-08-22,344,211,,,
2009-08-23,317,206,,,
2009-08-24,311,200,,,
2009-08-25,350,211,,,
2009-08-26,361,206,,,
2009-08-27,367,217,,,
2009-08-28,350,222,,,
2009-08-29,339,228,,,
2009-08-30,322,222,,,
2009-08-31,222,178,,,
2009-09-01,278,161,,,
2009-09-02,267,150,,,
2009-09-03,261,167,,,
2009-09-04,311,156,,,
2009-09-05,328,156,,,
2009-09-06,322,178,,,
2009-09-07,256,200,,,
2009-09-08,250,194,,,
2009-09-09,289,167,,,
2009-09-10,228,167,,,
2009-09-11,289,161,,,
2009-09-12,311,167,,,
2009-09-13,278,150,,,
2009-09-14,328,150,,,
2009-09-15,344,161,,,
2009-09-16,294,194,,,
2009-09-17,244,194,,,
2009-09-18,250,178,,,
2009-09-19,311,172,,,
2009-09-20,300,156,,,
2009-09-21,317,144,,,
2009-09-22,300,200,,,
2009-09-23,322,211,,,
2009-09-24,344,206,,,
2009-09-25,261,172,,,
2009-09-26,228,178,,,
2009-09-27,300,167,,,
2009-09-28,311,139,,,
2009-09-29,250,111,,,
2009-09-30,244,100,,,
2009-10-01,250,117,,,
2009-10-02,267,106,,,
2009-10-03,306,161,,,
2009-10-04,267,106,,,
2009-10-05,222,150,,,
2009-10-06,228,156,,,
2009-10-07,306,150,,,
2009-10-08,250,78,,,
2009-10-09,317,122,,,
2009-10-10,278,172,,,
2009-10-11,239,133,,,
2009-10-12,178,122,,,
2009-10-13,250,106,,,
2009-10-14,161,89,,,
2009-10-15,144,83,,,
2009-10-16,122,83,,,
2009-10-17,150,67,,,
2009-10-18,106,56,,,
2009-10-19,161,44,,,
2009-10-20,239,22,,,
2009-10-21,272,50,,,
2009-10-22,272,72,,,
2009-10-23,289,139,,,
2009-10-24,294,189,,,
2009-10-25,167,78,,,
2009-10-26,183,83,,,
2009-10-27,178,117,,,
2009-10-28,272,139,,,
2009-10-29,211,106,,,
2009-10-30,194,128,,,
2009-10-31,244,150,,,
2009-11-01,200,94,,,
2009-11-02,144,89,,,
2009-11-03,228,56,,,
2009-11-04,189,67,,,
2009-11-05,206,56,,,
2009-11-06,156,33,,,
2009-11-07,194,0,,,
2009-11-08,256,72,,,
2009-11-09,261,61,,,
2009-11-10,200,139,,,
2009-11-11,150,111,,,
2009-11-12,122,94,,,
2009-11-13,133,89,,,
2009-11-14,161,100,,,
2009-11-15,239,89,,,
2009-11-16,261,67,,,
2009-11-17,183,83,,,
2009-11-18,172,117,,,
2009-11-19,222,150,,,
2009-11-20,172,72,,,
2009-11-21,156,56,,,
2009-11-22,172,44,,,
2009-11-23,133,100,,,
2009-11-24,139,94,,,
2009-11-25,144,89,,,
2009-11-26,189,56,,,
2009-11-27,117,28,,,
2009-11-28,144,17,,,
2009-11-29,228,28,,,
2009-11-30,206,72,,,
2009-12-01,139,0,,,
2009-12-02,206,44,,,
2009-12-03,206,78,,,
2009-12-04,150,33,,,
2009-12-05,100,22,,,
2009-12-06,83,0,,,
2009-12-07,106,-17,,,
2009-12-08,94,11,,,
2009-12-09,217,67,,,
2009-12-10,156,28,,,
2009-12-11,39,-22,,,
2009-12-12,67,-44,,,
2009-12-13,167,39,,,
2009-12-14,111,56,,,
2009-12-15,167,100,,,
2009-12-16,106,-17,,,
2009-12-17,83,-11,,,
2009-12-18,50,-6,,,
2009-12-19,39,-6,,,
2009-12-20,61,-17,,,
2009-12-21,89,-33,,,
2009-12-22,106,-28,,,
2009-12-23,111,-28,,,
2009-12-24,100,-11,,,
2009-12-25,161,11,,,
2009-12-26,144,50,,,
2009-12-27,150,6,,,
2009-12-28,100,0,,,
2009-12-29,61,-22,,,
2009-12-30,39,-33,,,
2009-12-31,72,0,,,
2010-01-01,78,0,,,
2010-01-02,6,-39,,,
2010-01-03,6,-61,,,
2010-01-04,33,-61,,,
2010-01-05,28,-67,,,
2010-01-06,50,-50,,,
2010-01-07,72,-56,,,
2010-01-08,56,-39,,,
2010-01-09,33,-56,,,
2010-01-10,28,-61,,,
2010-01-11,83,-78,,,
2010-01-12,44,-28,,,
2010-01-13,89,-61,,,
2010-01-14,133,-44,,,
2010-01-15,178,-22,,,
2010-01-16,167,-6,,,
2010-01-17,222,67,,,
2010-01-18,156,33,,,
2010-01-19,211,28,,,
2010-01-20,183,33,,,
2010-01-21,61,28,,,
2010-01-22,56,33,,,
2010-01-23,117,0,,,
2010-01-24,189,33,,,
2010-01-25,200,100,,,
2010-01-26,133,6,,,
2010-01-27,111,-17,,,
2010-01-28,178,-6,,,
2010-01-29,78,-17,,,
2010-01-30,-22,-61,,,
2010-01-31,61,-78,,,
2010-02-01,122,-61,,,
2010-02-02,44,-28,,,
2010-02-03,111,-6,,,
2010-02-04,72,-11,,,
2010-02-05,72,6,,,
2010-02-06,44,-11,,,
2010-02-07,56,-33,,,
2010-02-08,78,-44,,,
2010-02-09,61,-11,,,
2010-02-10,28,-11,,,
2010-02-11,94,0,,,
2010-02-12,56,-22,,,
2010-02-13,33,-11,,,
2010-02-14,72,-39,,,
2010-02-15,117,-22,,,
2010-02-16,67,-17,,,
2010-02-17,72,-28,,,
2010-02-18,117,-11,,,
2010-02-19,122,-6,,,
2010-02-20,156,-33,,,
2010-02-21,189,-11,,,
2010-02-22,150,11,,,
2010-02-23,128,50,,,
2010-02-24,72,22,,,
2010-02-25,61,0,,,
2010-02-26,111,-6,,,
2010-02-27,111,-11,,,
2010-02-28,117,0,,,
2010-03-01,144,6,,,
2010-03-02,61,6,,,
2010-03-03,56,6,,,
2010-03-04,111,17,,,
2010-03-05,106,-6,,,
2010-03-06,133,-6,,,
2010-03-07,194,-28,,,
2010-03-08,194,6,,,
2010-03-09,250,6,,,
2010-03-10,211,83,,,
2010-03-11,200,106,,,
2010-03-12,189,139,,,
2010-03-13,228,106,,,
2010-03-14,156,72,,,
2010-03-15,161,61,,,
2010-03-16,111,39,,,
2010-03-17,200,11,,,
2010-03-18,228,67,,,
2010-03-19,250,28,,,
2010-03-20,283,39,,,
2010-03-21,233,72,,,
2010-03-22,194,83,,,
2010-03-23,183,50,,,
2010-03-24,244,44,,,
2010-03-25,250,72,,,
2010-03-26,206,44,,,
2010-03-27,156,11,,,
2010-03-28,217,28,,,
2010-03-29,178,117,,,
2010-03-30,217,106,,,
2010-03-31,244,78,,,
2010-04-01,306,56,,,
2010-04-02,328,83,,,
2010-04-03,289,122,,,
2010-04-04,311,133,,,
2010-04-05,339,139,,,
2010-04-06,344,161,,,
2010-04-07,333,178,,,
2010-04-08,294,167,,,
2010-04-09,206,94,,,
2010-04-10,233,44,,,
2010-04-11,261,56,,,
2010-04-12,289,78,,,
2010-04-13,289,89,,,
2010-04-14,156,72,,,
2010-04-15,250,33,,,
2010-04-16,328,106,,,
2010-04-17,272,128,,,
2010-04-18,211,56,,,
2010-04-19,211,50,,,
2010-04-20,244,56,,,
2010-04-21,150,94,,,
2010-04-22,256,83,,,
2010-04-23,272,94,,,
2010-04-24,244,150,,,
2010-04-25,289,167,,,
2010-04-26,278,144,,,
2010-04-27,206,117,,,
2010-04-28,206,61,,,
2010-04-29,256,39,,,
2010-04-30,311,111,,,
2010-05-01,333,178,,,
2010-05-02,356,222,,,
2010-05-03,294,222,,,
2010-05-04,278,161,,,
2010-05-05,322,150,,,
2010-05-06,356,183,,,
2010-05-07,333,167,,,
2010-05-08,339,167,,,
2010-05-09,222,111,,,
2010-05-10,200,83,,,
2010-05-11,228,111,,,
2010-05-12,294,167,,,
2010-05-13,222,156,,,
2010-05-14,356,172,,,
2010-05-15,361,211,,,
2010-05-16,294,167,,,
2010-05-17,200,139,,,
2010-05-18,172,128,,,
2010-05-19,217,133,,,
2010-05-20,278,144,,,
2010-05-21,311,128,,,
2010-05-22,294,156,,,
2010-05-23,272,178,,,
2010-05-24,261,183,,,
2010-05-25,267,183,,,
2010-05-26,294,178,,,
2010-05-27,350,161,,,
2010-05-28,311,178,,,
2010-05-29,300,183,,,
2010-05-30,322,183,,,
2010-05-31,322,206,,,
2010-06-01,306,211,,,
2010-06-02,322,211,,,
2010-06-03,311,206,,,
2010-06-04,361,217,,,
2010-06-05,356,244,,,
2010-06-06,356,222,,,
2010-06-07,300,178,,,
2010-06-08,306,161,,,
2010-06-09,311,178,,,
2010-06-10,356,228,,,
2010-06-11,344,206,,,
2010-06-12,361,189,,,
2010-06-13,367,222,,,
2010-06-14,356,228,,,
2010-06-15,372,239,,,
2010-06-16,339,222,,,
2010-06-17,344,217,,,
2010-06-18,333,211,,,
2010-06-19,350,206,,,
2010-06-20,367,228,,,
2010-06-21,383,217,,,
2010-06-22,394,217,,,
2010-06-23,383,244,,,
2010-06-24,394,233,,,
2010-06-25,356,256,,,
2010-06-26,367,239,,,
2010-06-27,406,233,,,
2010-06-28,394,228,,,
2010-06-29,389,239,,,
2010-06-30,278,217,,,
2010-07-01,306,189,,,
2010-07-02,322,156,,,
2010-07-03,317,144,,,
2010-07-04,356,161,,,
2010-07-05,378,189,,,
2010-07-06,406,200,,,
2010-07-07,417,211,,,
2010-07-08,378,244,,,
2010-07-09,372,217,,,
2010-07-10,333,228,,,
2010-07-11,339,217,,,
2010-07-12,322,222,,,
2010-07-13,344,222,,,
2010-07-14,361,239,,,
2010-07-15,372,228,,,
2010-07-16,367,244,,,
2010-07-17,350,222,,,
2010-07-18,367,217,,,
2010-07-19,361,244,,,
2010-07-20,389,239,,,
2010-07-21,383,250,,,
2010-07-22,400,244,,,
2010-07-23,394,256,,,
2010-07-24,400,256,,,
2010-07-25,411,261,,,
2010-07-26,356,256,,,
2010-07-27,300,239,,,
2010-07-28,372,211,,,
2010-07-29,400,228,,,
2010-07-30,339,222,,,
2010-07-31,283,200,,,
2010-08-01,278,189,,,
2010-08-02,333,206,,,
2010-08-03,339,206,,,
2010-08-04,356,239,,,
2010-08-05,378,222,,,
2010-08-06,356,222,,,
2010-08-07,344,222,,,
2010-08-08,350,228,,,
2010-08-09,361,211,,,
2010-08-10,361,233,,,
2010-08-11,383,239,,,
2010-08-12,367,233,,,
2010-08-13,339,233,,,
2010-08-14,333,222,,,
2010-08-15,339,206,,,
2010-08-16,367,222,,,
2010-08-17,372,239,,,
2010-08-18,350,233,,,
2010-08-19,283,228,,,
2010-08-20,356,222,,,
2010-08-21,350,194,,,
2010-08-22,367,228,,,
2010-08-23,339,211,,,
2010-08-24,306,200,,,
2010-08-25,283,189,,,
2010-08-26,339,194,,,
2010-08-27,350,194,,,
2010-08-28,344,200,,,
2010-08-29,339,189,,,
2010-08-30,372,194,,,
2010-08-31,383,200,,,
2010-09-01,367,200,,,
2010-09-02,317,183,,,
2010-09-03,372,228,,,
2010-09-04,339,161,,,
2010-09-05,311,133,,,
2010-09-06,339,150,,,
2010-09-07,339,172,,,
2010-09-08,328,211,,,
2010-09-09,350,178,,,
2010-09-10,306,161,,,
2010-09-11,272,139,,,
2010-09-12,294,178,,,
2010-09-13,311,172,,,
2010-09-14,361,167,,,
2010-09-15,361,161,,,
2010-09-16,350,194,,,
2010-09-17,333,217,,,
2010-09-18,317,178,,,
2010-09-19,344,150,,,
2010-09-20,344,161,,,
2010-09-21,311,161,,,
2010-09-22,361,178,,,
2010-09-23,383,211,,,
2010-09-24,361,217,,,
2010-09-25,367,194,,,
2010-09-26,328,206,,,
2010-09-27,233,200,,,
2010-09-28,283,189,,,
2010-09-29,206,172,,,
2010-09-30,261,200,,,
2010-10-01,244,156,,,
2010-10-02,239,128,,,
2010-10-03,178,139,,,
2010-10-04,189,106,,,
2010-10-05,217,78,,,
2010-10-06,200,61,,,
2010-10-07,300,89,,,
2010-10-08,278,100,,,
2010-10-09,294,94,,,
2010-10-10,317,111,,,
2010-10-11,328,139,,,
2010-10-12,333,150,,,
2010-10-13,272,172,,,
2010-10-14,200,122,,,
2010-10-15,233,72,,,
2010-10-16,217,83,,,
2010-10-17,256,61,,,
2010-10-18,283,100,,,
2010-10-19,272,144,,,
2010-10-20,189,139,,,
2010-10-21,261,117,,,
2010-10-22,200,67,,,
2010-10-23,250,39,,,
2010-10-24,278,83,,,
2010-10-25,250,156,,,
2010-10-26,261,172,,,
2010-10-27,311,233,,,
2010-10-28,283,144,,,
2010-10-29,172,72,,,
2010-10-30,178,33,,,
2010-10-31,250,94,,,
2010-11-01,200,78,,,
2010-11-02,172,56,,,
2010-11-03,156,78,,,
2010-11-04,144,100,,,
2010-11-05,167,50,,,
2010-11-06,117,50,,,
2010-11-07,128,17,,,
2010-11-08,178,6,,,
2010-11-09,211,33,,,
2010-11-10,200,78,,,
2010-11-11,189,50,,,
2010-11-12,178,28,,,
2010-11-13,211,17,,,
2010-11-14,211,11,,,
2010-11-15,222,33,,,
2010-11-16,211,111,,,
2010-11-17,206,56,,,
2010-11-18,178,17,,,
2010-11-19,161,33,,,
2010-11-20,222,28,,,
2010-11-21,217,39,,,
2010-11-22,228,61,,,
2010-11-23,256,128,,,
2010-11-24,194,78,,,
2010-11-25,172,44,,,
2010-11-26,189,106,,,
2010-11-27,117,28,,,
2010-11-28,117,-11,,,
2010-11-29,161,-11,,,
2010-11-30,233,78,,,
2010-12-01,200,6,,,
2010-12-02,89,-11,,,
2010-12-03,94,11,,,
2010-12-04,72,-17,,,
2010-12-05,50,-11,,,
2010-12-06,50,-28,,,
2010-12-07,28,-44,,,
2010-12-08,39,-61,,,
2010-12-09,61,-39,,,
2010-12-10,94,-39,,,
2010-12-11,56,-17,,,
2010-12-12,111,50,,,
2010-12-13,39,-39,,,
2010-12-14,6,-61,,,
2010-12-15,33,-78,,,
2010-12-16,11,-39,,,
2010-12-17,78,-17,,,
2010-12-18,39,-22,,,
2010-12-19,61,-11,,,
2010-12-20,50,-28,,,
2010-12-21,61,-17,,,
2010-12-22,83,0,,,
2010-12-23,78,0,,,
2010-12-24,67,-39,,,
2010-12-25,56,0,,,
2010-12-26,6,-22,,,
2010-12-27,6,-50,,,
2010-12-28,94,-50,,,
2010-12-29,106,-44,,,
2010-12-30,44,-44,,,
2010-12-31,133,-22,,,
2011-01-01,189,17,,,
2011-01-02,183,44,,,
2011-01-03,78,-22,,,
2011-01-04,106,-39,,,
2011-01-05,100,-17,,,
2011-01-06,83,-6,,,
2011-01-07,72,0,,,
2011-01-08,83,-28,,,
2011-01-09,22,-61,,,
2011-01-10,22,-17,,,
2011-01-11,6,-11,,,
2011-01-12,44,-17,,,
2011-01-13,56,-44,,,
2011-01-14,56,-56,,,
2011-01-15,106,-33,,,
2011-01-16,150,-11,,,
2011-01-17,89,0,,,
2011-01-18,67,11,,,
2011-01-19,161,56,,,
2011-01-20,106,0,,,
2011-01-21,89,-11,,,
2011-01-22,-6,-72,,,
2011-01-23,72,-89,,,
2011-01-24,50,-33,,,
2011-01-25,111,11,,,
2011-01-26,72,22,,,
2011-01-27,94,-17,,,
2011-01-28,128,-22,,,
2011-01-29,139,-28,,,
2011-01-30,194,28,,,
2011-01-31,50,11,,,
2011-02-01,117,0,,,
2011-02-02,233,89,,,
2011-02-03,78,17,,,
2011-02-04,33,6,,,
2011-02-05,100,17,,,
2011-02-06,139,0,,,
2011-02-07,133,0,,,
2011-02-08,122,11,,,
2011-02-09,78,-33,,,
2011-02-10,72,-22,,,
2011-02-11,100,-50,,,
2011-02-12,139,-33,,,
2011-02-13,161,-17,,,
2011-02-14,228,56,,,
2011-02-15,150,22,,,
2011-02-16,161,-17,,,
2011-02-17,217,17,,,
2011-02-18,261,122,,,
2011-02-19,211,106,,,
2011-02-20,161,0,,,
2011-02-21,261,78,,,
2011-02-22,94,11,,,
2011-02-23,100,-11,,,
2011-02-24,189,-6,,,
2011-02-25,233,56,,,
2011-02-26,144,11,,,
2011-02-27,278,72,,,
2011-02-28,267,139,,,
2011-03-01,144,6,,,
2011-03-02,189,-17,,,
2011-03-03,128,0,,,
2011-03-04,156,-6,,,
2011-03-05,200,50,,,
2011-03-06,200,44,,,
2011-03-07,133,17,,,
2011-03-08,161,0,,,
2011-03-09,161,28,,,
2011-03-10,194,67,,,
2011-03-11,106,11,,,
2011-03-12,200,0,,,
2011-03-13,261,83,,,
2011-03-14,144,67,,,
2011-03-15,133,50,,,
2011-03-16,183,100,,,
2011-03-17,217,67,,,
2011-03-18,306,83,,,
2011-03-19,239,100,,,
2011-03-20,172,50,,,
2011-03-21,250,89,,,
2011-03-22,317,128,,,
2011-03-23,256,100,,,
2011-03-24,200,100,,,
2011-03-25,161,56,,,
2011-03-26,100,28,,,
2011-03-27,44,11,,,
2011-03-28,100,6,,,
2011-03-29,172,-6,,,
2011-03-30,78,44,,,
2011-03-31,111,56,,,
2011-04-01,117,33,,,
2011-04-02,194,28,,,
2011-04-03,228,28,,,
2011-04-04,306,122,,,
2011-04-05,228,89,,,
2011-04-06,217,17,,,
2011-04-07,283,89,,,
2011-04-08,272,106,,,
2011-04-09,144,89,,,
2011-04-10,189,111,,,
2011-04-11,300,144,,,
2011-04-12,272,139,,,
2011-04-13,239,94,,,
2011-04-14,256,72,,,
2011-04-15,250,89,,,
2011-04-16,244,139,,,
2011-04-17,239,78,,,
2011-04-18,289,100,,,
2011-04-19,311,133,,,
2011-04-20,306,189,,,
2011-04-21,222,111,,,
2011-04-22,161,94,,,
2011-04-23,283,117,,,
2011-04-24,328,189,,,
2011-04-25,311,189,,,
2011-04-26,300,178,,,
2011-04-27,283,194,,,
2011-04-28,261,161,,,
2011-04-29,261,106,,,
2011-04-30,250,106,,,
2011-05-01,250,100,,,
2011-05-02,306,122,,,
2011-05-03,306,150,,,
2011-05-04,206,106,,,
2011-05-05,222,67,,,
2011-05-06,244,83,,,
2011-05-07,261,106,,,
2011-05-08,222,133,,,
2011-05-09,261,111,,,
2011-05-10,289,117,,,
2011-05-11,267,139,,,
2011-05-12,228,133,,,
2011-05-13,250,167,,,
2011-05-14,300,172,,,
2011-05-15,306,172,,,
2011-05-16,278,144,,,
2011-05-17,244,144,,,
2011-05-18,267,128,,,
2011-05-19,267,128,,,
2011-05-20,294,150,,,
2011-05-21,311,139,,,
2011-05-22,350,144,,,
2011-05-23,339,183,,,
2011-05-24,356,189,,,
2011-05-25,361,183,,,
2011-05-26,356,222,,,
2011-05-27,328,194,,,
2011-05-28,272,178,,,
2011-05-29,333,189,,,
2011-05-30,372,211,,,
2011-05-31,378,217,,,
2011-06-01,378,206,,,
2011-06-02,394,228,,,
2011-06-03,317,167,,,
2011-06-04,328,150,,,
2011-06-05,317,200,,,
2011-06-06,339,189,,,
2011-06-07,344,183,,,
2011-06-08,383,217,,,
2011-06-09,378,228,,,
2011-06-10,372,206,,,
2011-06-11,350,200,,,
2011-06-12,350,206,,,
2011-06-13,289,200,,,
2011-06-14,294,178,,,
2011-06-15,294,178,,,
2011-06-16,311,194,,,
2011-06-17,339,206,,,
2011-06-18,361,217,,,
2011-06-19,350,211,,,
2011-06-20,311,206,,,
2011-06-21,328,194,,,
2011-06-22,356,233,,,
2011-06-23,356,239,,,
2011-06-24,328,228,,,
2011-06-25,328,200,,,
2011-06-26,339,200,,,
2011-06-27,356,217,,,
2011-06-28,372,217,,,
2011-06-29,333,217,,,
2011-06-30,344,217,,,
2011-07-01,350,194,,,
2011-07-02,356,206,,,
2011-07-03,367,228,,,
2011-07-04,378,222,,,
2011-07-05,350,222,,,
2011-07-06,278,217,,,
2011-07-07,344,217,,,
2011-07-08,350,222,,,
2011-07-09,300,228,,,
2011-07-10,361,222,,,
2011-07-11,356,222,,,
2011-07-12,383,250,,,
2011-07-13,378,261,,,
2011-07-14,344,194,,,
2011-07-15,322,172,,,
2011-07-16,311,167,,,
2011-07-17,344,189,,,
2011-07-18,356,211,,,
2011-07-19,367,217,,,
2011-07-20,383,239,,,
2011-07-21,406,244,,,
2011-07-22,411,261,,,
2011-07-23,406,250,,,
2011-07-26,311,239,,,
2011-07-27,278,278,,,
2011-07-28,356,356,,,
2011-07-30,300,250,,,
2011-07-31,300,217,,,
2011-08-01,294,211,,,
2011-08-03,372,261,,,
2011-08-04,372,256,,,
2011-08-05,356,244,,,
2011-08-06,333,228,,,
2011-08-07,367,239,,,
2011-08-08,361,250,,,
2011-08-09,367,250,,,
2011-08-10,372,222,,,
2011-08-11,333,222,,,
2011-08-12,322,211,,,
2011-08-13,311,211,,,
2011-08-14,306,189,,,
2011-08-15,311,183,,,
2011-08-16,311,189,,,
2011-08-17,344,189,,,
2011-08-18,339,189,,,
2011-08-19,350,200,,,
2011-08-20,328,206,,,
2011-08-21,344,211,,,
2011-08-22,328,217,,,
2011-08-23,311,189,,,
2011-08-24,333,183,,,
2011-08-25,350,217,,,
2011-08-26,356,228,,,
2011-08-27,244,206,,,
2011-08-28,333,217,,,
2011-08-29,339,194,,,
2011-08-30,322,189,,,
2011-08-31,322,167,,,
2011-09-01,328,150,,,
2011-09-02,306,178,,,
2011-09-03,328,183,,,
2011-09-04,328,194,,,
2011-09-05,306,206,,,
2011-09-06,306,228,,,
2011-09-07,311,228,,,
2011-09-08,328,211,,,
2011-09-09,311,178,,,
2011-09-10,322,189,,,
2011-09-11,339,183,,,
2011-09-12,328,200,,,
2011-09-13,328,172,,,
2011-09-14,344,189,,,
2011-09-15,333,156,,,
2011-09-16,172,139,,,
2011-09-17,178,128,,,
2011-09-18,194,144,,,
2011-09-19,272,150,,,
2011-09-20,250,161,,,
2011-09-21,306,194,,,
2011-09-22,306,211,,,
2011-09-23,256,206,,,
2011-09-24,267,206,,,
2011-09-25,283,206,,,
2011-09-26,306,206,,,
2011-09-27,322,217,,,
2011-09-28,322,211,,,
2011-09-29,300,178,,,
2011-09-30,311,139,,,
2011-10-01,194,89,,,
2011-10-02,167,78,,,
2011-10-03,189,83,,,
2011-10-04,222,94,,,
2011-10-05,256,106,,,
2011-10-06,272,117,,,
2011-10-07,267,89,,,
2011-10-08,267,89,,,
2011-10-09,289,117,,,
2011-10-10,261,128,,,
2011-10-11,211,167,,,
2011-10-12,272,183,,,
2011-10-13,267,178,,,
2011-10-14,244,128,,,
2011-10-15,250,94,,,
2011-10-16,256,78,,,
2011-10-17,311,150,,,
2011-10-18,300,150,,,
2011-10-19,222,133,,,
2011-10-20,172,83,,,
2011-10-21,211,61,,,
2011-10-22,211,78,,,
2011-10-23,211,67,,,
2011-10-24,233,78,,,
2011-10-25,228,89,,,
2011-10-26,244,72,,,
2011-10-27,272,128,,,
2011-10-28,161,61,,,
2011-10-29,106,17,,,
2011-10-30,156,0,,,
2011-10-31,183,6,,,
2011-11-01,167,50,,,
2011-11-02,206,28,,,
2011-11-03,200,17,,,
2011-11-04,144,89,,,
2011-11-05,150,50,,,
2011-11-06,206,72,,,
2011-11-07,211,56,,,
2011-11-08,233,56,,,
2011-11-09,250,61,,,
2011-11-10,228,89,,,
2011-11-11,122,6,,,
2011-11-12,183,0,,,
2011-11-13,211,39,,,
2011-11-14,250,139,,,
2011-11-15,267,167,,,
2011-11-16,272,161,,,
2011-11-17,217,39,,,
2011-11-18,128,-6,,,
2011-11-19,183,-11,,,
2011-11-20,244,78,,,
2011-11-21,244,156,,,
2011-11-22,222,139,,,
2011-11-23,244,94,,,
2011-11-24,178,28,,,
2011-11-25,217,11,,,
2011-11-26,222,17,,,
2011-11-27,233,72,,,
2011-11-28,233,150,,,
2011-11-29,183,61,,,
2011-11-30,122,22,,,
2011-12-01,133,0,,,
2011-12-02,178,-17,,,
2011-12-03,167,17,,,
2011-12-04,206,11,,,
2011-12-05,211,78,,,
2011-12-06,233,133,,,
2011-12-07,233,72,,,
2011-12-08,133,11,,,
2011-12-09,117,0,,,
2011-12-10,122,0,,,
2011-12-11,111,0,,,
2011-12-12,106,22,,,
2011-12-13,161,0,,,
2011-12-14,150,17,,,
2011-12-15,211,39,,,
2011-12-16,189,61,,,
2011-12-17,89,0,,,
2011-12-18,100,-11,,,
2011-12-19,139,-22,,,
2011-12-20,167,72,,,
2011-12-21,189,133,,,
2011-12-22,222,150,,,
2011-12-23,206,106,,,
2011-12-24,122,22,,,
2011-12-25,139,0,,,
2011-12-26,139,17,,,
2011-12-27,178,28,,,
2011-12-28,122,17,,,
2011-12-29,128,-17,,,
2011-12-30,172,6,,,
2011-12-31,194,39,,,
2012-01-01,206,6,,,
2012-01-02,117,11,,,
2012-01-03,33,-39,,,
2012-01-04,61,-72,,,
2012-01-05,133,0,,,
2012-01-06,194,6,,,
2012-01-07,222,61,,,
2012-01-08,178,100,,,
2012-01-09,78,56,,,
2012-01-10,139,50,,,
2012-01-11,150,56,,,
2012-01-12,161,83,,,
2012-01-13,133,11,,,
2012-01-14,78,-22,,,
2012-01-15,67,-28,,,
2012-01-16,89,-44,,,
2012-01-17,194,78,,,
2012-01-18,144,22,,,
2012-01-19,100,-11,,,
2012-01-20,161,6,,,
2012-01-21,183,28,,,
2012-01-22,33,6,,,
2012-01-23,144,28,,,
2012-01-24,194,78,,,
2012-01-25,178,22,,,
2012-01-26,172,44,,,
2012-01-27,211,78,,,
2012-01-28,161,6,,,
2012-01-29,122,28,,,
2012-01-30,150,0,,,
2012-01-31,200,39,,,
2012-02-01,217,100,,,
2012-02-02,206,100,,,
2012-02-03,144,17,,,
2012-02-04,161,17,,,
2012-02-05,89,17,,,
2012-02-06,122,-11,,,
2012-02-07,161,22,,,
2012-02-08,122,0,,,
2012-02-09,117,-11,,,
2012-02-10,106,-11,,,
2012-02-11,111,-28,,,
2012-02-12,61,-50,,,
2012-02-13,117,-44,,,
2012-02-14,150,33,,,
2012-02-15,189,39,,,
2012-02-16,144,39,,,
2012-02-17,189,67,,,
2012-02-18,194,67,,,
2012-02-19,111,6,,,
2012-02-20,111,-6,,,
2012-02-21,161,-28,,,
2012-02-22,217,78,,,
2012-02-23,244,72,,,
2012-02-24,261,106,,,
2012-02-25,122,28,,,
2012-02-26,122,-22,,,
2012-02-27,100,0,,,
2012-02-28,206,28,,,
2012-02-29,228,56,,,
2012-03-01,283,111,,,
2012-03-02,172,72,,,
2012-03-03,178,117,,,
2012-03-04,133,33,,,
2012-03-05,133,0,,,
2012-03-06,128,-22,,,
2012-03-07,206,6,,,
2012-03-08,239,83,,,
2012-03-09,161,56,,,
2012-03-10,144,33,,,
2012-03-11,194,0,,,
2012-03-12,244,22,,,
2012-03-13,256,128,,,
2012-03-14,300,133,,,
2012-03-15,300,111,,,
2012-03-16,283,150,,,
2012-03-17,289,139,,,
2012-03-18,256,133,,,
2012-03-19,272,128,,,
2012-03-20,306,128,,,
2012-03-21,239,150,,,
2012-03-22,289,133,,,
2012-03-23,311,161,,,
2012-03-24,217,133,,,
2012-03-25,206,128,,,
2012-03-26,256,111,,,
2012-03-27,189,50,,,
2012-03-28,278,50,,,
2012-03-29,294,133,,,
2012-03-30,261,94,,,
2012-03-31,256,139,,,
2012-04-01,217,106,,,
2012-04-02,228,78,,,
2012-04-03,261,39,,,
2012-04-04,311,139,,,
2012-04-05,189,89,,,
2012-04-06,183,67,,,
2012-04-07,206,33,,,
2012-04-08,256,33,,,
2012-04-09,250,78,,,
2012-04-10,250,89,,,
2012-04-11,150,61,,,
2012-04-12,200,28,,,
2012-04-13,244,28,,,
2012-04-14,267,39,,,
2012-04-15,289,156,,,
2012-04-16,311,161,,,
2012-04-17,333,172,,,
2012-04-18,250,117,,,
2012-04-19,178,106,,,
2012-04-20,256,100,,,
2012-04-21,289,144,,,
2012-04-22,194,89,,,
2012-04-23,128,61,,,
2012-04-24,189,44,,,
2012-04-25,222,56,,,
2012-04-26,239,128,,,
2012-04-27,256,128,,,
2012-04-28,183,117,,,
2012-04-29,267,117,,,
2012-04-30,289,139,,,
2012-05-01,317,178,,,
2012-05-02,344,194,,,
2012-05-03,356,200,,,
2012-05-04,339,183,,,
2012-05-05,306,189,,,
2012-05-06,244,156,,,
2012-05-07,289,128,,,
2012-05-08,289,133,,,
2012-05-09,261,161,,,
2012-05-10,239,117,,,
2012-05-11,256,100,,,
2012-05-12,272,89,,,
2012-05-13,261,139,,,
2012-05-14,272,161,,,
2012-05-15,300,189,,,
2012-05-16,317,178,,,
2012-05-17,294,156,,,
2012-05-18,267,144,,,
2012-05-19,283,117,,,
2012-05-20,272,128,,,
2012-05-21,289,183,,,
2012-05-22,300,172,,,
2012-05-23,311,172,,,
2012-05-24,306,178,,,
2012-05-25,339,183,,,
2012-05-26,333,189,,,
2012-05-27,339,206,,,
2012-05-28,350,217,,,
2012-05-29,333,211,,,
2012-05-30,244,189,,,
2012-05-31,339,172,,,
2012-06-01,333,178,,,
2012-06-02,267,139,,,
2012-06-03,278,133,,,
2012-06-04,300,178,,,
2012-06-05,261,139,,,
2012-06-06,272,122,,,
2012-06-07,294,122,,,
2012-06-08,306,144,,,
2012-06-09,339,150,,,
2012-06-10,339,189,,,
2012-06-11,267,194,,,
2012-06-12,294,217,,,
2012-06-13,311,183,,,
2012-06-14,278,156,,,
2012-06-15,306,150,,,
2012-06-16,300,144,,,
2012-06-17,311,128,,,
2012-06-18,306,144,,,
2012-06-19,350,194,,,
2012-06-20,372,211,,,
2012-06-21,367,228,,,
2012-06-22,367,211,,,
2012-06-23,328,211,,,
2012-06-24,339,194,,,
2012-06-25,356,206,,,
2012-06-26,283,156,,,
2012-06-27,328,139,,,
2012-06-28,367,167,,,
2012-06-29,428,233,,,
2012-06-30,400,217,,,
2012-07-01,406,222,,,
2012-07-02,372,222,,,
2012-07-03,389,228,,,
2012-07-04,394,239,,,
2012-07-05,400,228,,,
2012-07-06,406,233,,,
2012-07-07,389,228,,,
2012-07-08,406,267,,,
2012-07-09,372,217,,,
2012-07-10,311,217,,,
2012-07-11,278,206,,,
2012-07-12,322,200,,,
2012-07-13,333,211,,,
2012-07-14,344,233,,,
2012-07-15,361,228,,,
2012-07-16,350,239,,,
2012-07-17,367,222,,,
2012-07-18,367,244,,,
2012-07-19,361,250,,,
2012-07-20,350,239,,,
2012-07-21,344,217,,,
2012-07-22,300,222,,,
2012-07-23,356,228,,,
2012-07-24,361,233,,,
2012-07-25,344,233,,,
2012-07-26,372,239,,,
2012-07-27,383,228,,,
2012-07-28,350,206,,,
2012-07-29,356,200,,,
2012-07-30,328,217,,,
2012-07-31,333,217,,,
2012-08-01,328,228,,,
2012-08-02,339,217,,,
2012-08-03,350,211,,,
2012-08-04,350,217,,,
2012-08-05,350,228,,,
2012-08-06,344,228,,,
2012-08-07,322,228,,,
2012-08-08,328,206,,,
2012-08-09,328,200,,,
2012-08-10,294,239,,,
2012-08-11,306,211,,,
2012-08-12,328,211,,,
2012-08-13,344,217,,,
2012-08-14,344,206,,,
2012-08-15,317,222,,,
2012-08-16,350,211,,,
2012-08-17,350,194,,,
2012-08-18,317,222,,,
2012-08-19,256,200,,,
2012-08-20,311,200,,,
2012-08-21,317,206,,,
2012-08-22,322,200,,,
2012-08-23,311,206,,,
2012-08-24,261,200,,,
2012-08-25,250,178,,,
2012-08-26,311,178,,,
2012-08-27,333,200,,,
2012-08-28,317,222,,,
2012-08-29,344,211,,,
2012-08-30,333,200,,,
2012-08-31,328,200,,,
2012-09-01,361,239,,,
2012-09-02,356,228,,,
2012-09-03,322,222,,,
2012-09-04,339,217,,,
2012-09-05,328,217,,,
2012-09-06,333,222,,,
2012-09-07,300,217,,,
2012-09-08,328,194,,,
2012-09-09,272,161,,,
2012-09-10,278,139,,,
2012-09-11,283,117,,,
2012-09-12,306,117,,,
2012-09-13,306,117,,,
2012-09-14,328,189,,,
2012-09-15,306,150,,,
2012-09-16,200,139,,,
2012-09-17,311,167,,,
2012-09-18,278,211,,,
2012-09-19,233,156,,,
2012-09-20,261,133,,,
2012-09-21,300,128,,,
2012-09-22,306,161,,,
2012-09-23,272,128,,,
2012-09-24,250,100,,,
2012-09-25,278,89,,,
2012-09-26,294,122,,,
2012-09-27,317,150,,,
2012-09-28,311,161,,,
2012-09-29,200,144,,,
2012-09-30,250,139,,,
2012-10-01,222,161,,,
2012-10-02,294,194,,,
2012-10-03,294,233,,,
2012-10-04,267,183,,,
2012-10-05,283,156,,,
2012-10-06,294,139,,,
2012-10-07,172,111,,,
2012-10-08,111,100,,,
2012-10-09,139,100,,,
2012-10-10,233,139,,,
2012-10-11,217,78,,,
2012-10-12,239,67,,,
2012-10-13,222,67,,,
2012-10-14,272,78,,,
2012-10-15,250,139,,,
2012-10-16,217,89,,,
2012-10-17,233,83,,,
2012-10-18,267,72,,,
2012-10-19,272,122,,,
2012-10-20,239,78,,,
2012-10-21,228,78,,,
2012-10-22,250,56,,,
2012-10-23,283,67,,,
2012-10-24,283,100,,,
2012-10-25,294,100,,,
2012-10-26,228,156,,,
2012-10-27,206,167,,,
2012-10-28,172,117,,,
2012-10-29,122,50,,,
2012-10-30,100,50,,,
2012-10-31,156,39,,,
2012-11-01,161,33,,,
2012-11-02,161,17,,,
2012-11-03,150,6,,,
2012-11-04,122,61,,,
2012-11-05,133,6,,,
2012-11-06,78,0,,,
2012-11-07,78,39,,,
2012-11-08,161,28,,,
2012-11-09,183,0,,,
2012-11-10,239,11,,,
2012-11-11,250,28,,,
2012-11-12,256,72,,,
2012-11-13,161,56,,,
2012-11-14,144,17,,,
2012-11-15,111,39,,,
2012-11-16,144,39,,,
2012-11-17,161,17,,,
2012-11-18,161,89,,,
2012-11-19,128,100,,,
2012-11-20,156,50,,,
2012-11-21,161,44,,,
2012-11-22,167,22,,,
2012-11-23,206,-6,,,
2012-11-24,128,6,,,
2012-11-25,111,-44,,,
2012-11-26,206,-6,,,
2012-11-27,150,22,,,
2012-11-28,111,-6,,,
2012-11-29,133,-28,,,
2012-11-30,167,-17,,,
2012-12-01,189,6,,,
2012-12-02,200,22,,,
2012-12-03,250,100,,,
2012-12-04,233,72,,,
2012-12-05,183,56,,,
2012-12-06,122,28,,,
2012-12-07,161,61,,,
2012-12-08,206,100,,,
2012-12-09,228,89,,,
2012-12-10,228,144,,,
2012-12-11,189,94,,,
2012-12-12,94,44,,,
2012-12-13,122,11,,,
2012-12-14,150,-11,,,
2012-12-15,133,-6,,,
2012-12-16,144,78,,,
2012-12-17,183,128,,,
2012-12-18,178,61,,,
2012-12-19,189,11,,,
2012-12-20,172,17,,,
2012-12-21,178,28,,,
2012-12-22,100,0,,,
2012-12-23,139,-28,,,
2012-12-24,144,72,,,
2012-12-25,156,50,,,
2012-12-26,167,56,,,
2012-12-27,100,11,,,
2012-12-28,78,-22,,,
2012-12-29,111,33,,,
2012-12-30,83,-17,,,
2012-12-31,111,-39,,,
2013-01-01,100,72,,,
2013-01-02,83,33,,,
2013-01-03,61,-6,,,
2013-01-04,100,-17,,,
2013-01-05,106,-22,,,
2013-01-06,94,28,,,
2013-01-07,133,0,,,
2013-01-08,122,-11,,,
2013-01-09,211,17,,,
2013-01-10,194,44,,,
2013-01-11,128,50,,,
2013-01-12,172,117,,,
2013-01-13,233,139,,,
2013-01-14,222,128,,,
2013-01-15,128,72,,,
2013-01-16,111,72,,,
2013-01-17,111,11,,,
2013-01-18,94,-17,,,
2013-01-19,133,-33,,,
2013-01-20,183,39,,,
2013-01-21,161,0,,,
2013-01-22,56,-56,,,
2013-01-23,39,-78,,,
2013-01-24,28,-56,,,
2013-01-25,-11,-72,,,
2013-01-26,22,-33,,,
2013-01-27,56,-33,,,
2013-01-28,122,-22,,,
2013-01-29,239,94,,,
2013-01-30,233,150,,,
2013-01-31,206,33,,,
2013-02-01,50,-28,,,
2013-02-02,72,-72,,,
2013-02-03,111,17,,,
2013-02-04,89,-28,,,
2013-02-05,167,28,,,
2013-02-06,178,0,,,
2013-02-07,122,17,,,
2013-02-08,122,56,,,
2013-02-09,111,-11,,,
2013-02-10,122,-39,,,
2013-02-11,178,67,,,
2013-02-12,183,100,,,
2013-02-13,100,67,,,
2013-02-14,106,0,,,
2013-02-15,178,-11,,,
2013-02-16,72,0,,,
2013-02-17,22,-50,,,
2013-02-18,111,-72,,,
2013-02-19,144,0,,,
2013-02-20,117,11,,,
2013-02-21,117,-33,,,
2013-02-22,61,0,,,
2013-02-23,72,33,,,
2013-02-24,172,44,,,
2013-02-25,72,0,,,
2013-02-26,156,17,,,
2013-02-27,161,56,,,
2013-02-28,100,28,,,
2013-03-01,100,6,,,
2013-03-02,89,6,,,
2013-03-03,89,0,,,
2013-03-04,106,-11,,,
2013-03-05,128,-17,,,
2013-03-06,61,28,,,
2013-03-07,100,22,,,
2013-03-08,122,6,,,
2013-03-09,189,17,,,
2013-03-10,211,-11,,,
2013-03-11,222,28,,,
2013-03-12,222,100,,,
2013-03-13,150,28,,,
2013-03-14,122,0,,,
2013-03-15,167,-17,,,
2013-03-16,267,106,,,
2013-03-17,133,44,,,
2013-03-18,78,33,,,
2013-03-19,200,50,,,
2013-03-20,133,11,,,
2013-03-21,72,0,,,
2013-03-22,117,-28,,,
2013-03-23,128,6,,,
2013-03-24,61,11,,,
2013-03-25,94,17,,,
2013-03-26,100,6,,,
2013-03-27,128,6,,,
2013-03-28,133,6,,,
2013-03-29,161,-6,,,
2013-03-30,211,22,,,
2013-03-31,211,78,,,
2013-04-01,233,111,,,
2013-04-02,161,39,,,
2013-04-03,172,56,,,
2013-04-04,111,33,,,
2013-04-05,178,44,,,
2013-04-06,194,56,,,
2013-04-07,239,11,,,
2013-04-08,272,106,,,
2013-04-09,300,150,,,
2013-04-10,322,161,,,
2013-04-11,300,178,,,
2013-04-12,267,189,,,
2013-04-13,244,128,,,
2013-04-14,289,89,,,
2013-04-15,222,139,,,
2013-04-16,256,133,,,
2013-04-17,306,139,,,
2013-04-18,278,156,,,
2013-04-19,289,183,,,
2013-04-20,189,61,,,
2013-04-21,194,50,,,
2013-04-22,178,39,,,
2013-04-23,228,89,,,
2013-04-24,272,78,,,
2013-04-25,228,89,,,
2013-04-26,250,61,,,
2013-04-27,256,106,,,
2013-04-28,211,106,,,
2013-04-29,211,133,,,
2013-04-30,200,144,,,
2013-05-01,172,144,,,
2013-05-02,222,100,,,
2013-05-03,239,100,,,
2013-05-04,194,94,,,
2013-05-05,172,89,,,
2013-05-06,228,133,,,
2013-05-07,228,106,,,
2013-05-08,244,100,,,
2013-05-09,278,128,,,
2013-05-10,322,133,,,
2013-05-11,311,189,,,
2013-05-12,250,128,,,
2013-05-13,206,111,,,
2013-05-14,222,56,,,
2013-05-15,317,117,,,
2013-05-16,317,194,,,
2013-05-17,339,172,,,
2013-05-18,261,183,,,
2013-05-19,272,178,,,
2013-05-20,267,194,,,
2013-05-21,289,200,,,
2013-05-22,311,194,,,
2013-05-23,289,189,,,
2013-05-24,217,111,,,
2013-05-25,228,72,,,
2013-05-26,239,83,,,
2013-05-27,283,94,,,
2013-05-28,306,150,,,
2013-05-29,311,172,,,
2013-05-30,328,172,,,
2013-05-31,328,194,,,
2013-06-01,333,206,,,
2013-06-02,322,200,,,
2013-06-03,261,211,,,
2013-06-04,294,189,,,
2013-06-05,294,156,,,
2013-06-06,261,178,,,
2013-06-07,283,206,,,
2013-06-08,306,200,,,
2013-06-09,333,200,,,
2013-06-10,289,217,,,
2013-06-11,311,217,,,
2013-06-12,344,189,,,
2013-06-13,361,211,,,
2013-06-14,261,167,,,
2013-06-15,306,156,,,
2013-06-16,322,194,,,
2013-06-17,317,217,,,
2013-06-18,306,200,,,
2013-06-19,289,189,,,
2013-06-20,311,167,,,
2013-06-21,311,139,,,
2013-06-22,289,200,,,
2013-06-23,300,211,,,
2013-06-24,317,222,,,
2013-06-25,328,217,,,
2013-06-26,333,211,,,
2013-06-27,333,206,,,
2013-06-28,339,206,,,
2013-06-29,328,200,,,
2013-06-30,311,211,,,
2013-07-01,278,222,,,
2013-07-02,294,217,,,
2013-07-03,322,222,,,
2013-07-04,333,222,,,
2013-07-05,344,217,,,
2013-07-06,344,211,,,
2013-07-07,333,206,,,
2013-07-08,306,222,,,
2013-07-09,333,217,,,
2013-07-10,328,233,,,
2013-07-11,306,222,,,
2013-07-12,256,217,,,
2013-07-13,306,217,,,
2013-07-14,339,211,,,
2013-07-15,339,217,,,
2013-07-16,361,217,,,
2013-07-17,361,222,,,
2013-07-18,361,233,,,
2013-07-19,344,239,,,
2013-07-20,333,239,,,
2013-07-21,344,228,,,
2013-07-22,339,228,,,
2013-07-23,339,239,,,
2013-07-24,356,211,,,
2013-07-25,289,211,,,
2013-07-26,317,167,,,
2013-07-27,322,200,,,
2013-07-28,328,222,,,
2013-07-29,322,239,,,
2013-07-30,317,206,,,
2013-07-31,306,211,,,
2013-08-01,311,211,,,
2013-08-02,344,206,,,
2013-08-03,328,211,,,
2013-08-04,311,178,,,
2013-08-05,311,172,,,
2013-08-06,300,206,,,
2013-08-07,328,183,,,
2013-08-08,350,228,,,
2013-08-09,344,233,,,
2013-08-10,356,228,,,
2013-08-11,361,228,,,
2013-08-12,350,228,,,
2013-08-13,344,222,,,
2013-08-14,250,161,,,
2013-08-15,272,161,,,
2013-08-16,272,156,,,
2013-08-17,261,194,,,
2013-08-18,300,206,,,
2013-08-19,244,189,,,
2013-08-20,289,200,,,
2013-08-21,322,217,,,
2013-08-22,333,206,,,
2013-08-23,339,200,,,
2013-08-24,317,183,,,
2013-08-25,300,156,,,
2013-08-26,317,122,,,
2013-08-27,328,167,,,
2013-08-28,294,217,,,
2013-08-29,311,194,,,
2013-08-30,328,183,,,
2013-08-31,333,206,,,
2013-09-01,322,217,,,
2013-09-02,333,211,,,
2013-09-03,317,206,,,
2013-09-04,311,200,,,
2013-09-05,333,189,,,
2013-09-06,311,172,,,
2013-09-07,300,139,,,
2013-09-08,333,167,,,
2013-09-09,339,189,,,
2013-09-10,350,200,,,
2013-09-11,339,194,,,
2013-09-12,339,200,,,
2013-09-13,311,200,,,
2013-09-14,272,144,,,
2013-09-15,300,117,,,
2013-09-16,306,172,,,
2013-09-17,272,128,,,
2013-09-18,267,106,,,
2013-09-19,272,117,,,
2013-09-20,283,161,,,
2013-09-21,244,172,,,
2013-09-22,278,161,,,
2013-09-23,233,111,,,
2013-09-24,256,106,,,
2013-09-25,256,111,,,
2013-09-26,289,144,,,
2013-09-27,261,139,,,
2013-09-28,256,122,,,
2013-09-29,250,117,,,
2013-09-30,267,122,,,
2013-10-01,289,106,,,
2013-10-02,317,150,,,
2013-10-03,172,150,,,
